details
1347 PPTY INS HLDGS INC PIH
1-800-FLOWERS.COM Inc. FLWS
1st Source Corp. SRCE
2U INC TWOU
3D Systems Corporation DDD
3M Co. MMM
8POINT3 ENERGY PARTNERS LP CAFD
8X8 Inc. EGHT
A. H. Belo Corp. AHC
A. Schulman Inc. SHLM
A.M. Castle & Co. CASL
A.O. Smith Corp. AOS
A10 NETWORKS INC ATEN
AAC Holdings Inc AAC
AAON Inc. AAON
AAR Corp. AIR
Aaron Rents Inc. AAN
Abaxis Inc. ABAX
Abbott Laboratories ABT
ABBVIE INC ABBV
Abeona Therapeutics Inc ABEO
Abercrombie & Fitch Co. ANF
Abiomed Inc. ABMD
ABM Industries Inc. ABM
Abraxas Petroleum Corp. AXAS
ACACIA COMMUNICATIONS INC ACIA
Acacia Research Corp. - Acacia Technologies ACTG
ACADIA HEALTHCARE COMPANY INC ACHC
ACADIA Pharmaceuticals Inc. ACAD
Acadia Realty Trust AKR
Accelerate Diagnostics AXDX
ACCELERON PHARMA INC XLRN
Access Integrated Technologies Inc. Cl A CIDM
Access National Corp. ANCX
ACCO Brands Corp. ACCO
ACCRETIVE HEALTH INC ACHI
Accuray Inc. ARAY
ACELRX PHARMACEUTICALS INC ACRX
ACHAOGEN INC AKAO
Achillion Pharmaceuticals Inc. ACHN
ACI Worldwide Inc. ACIW
ACLARIS THERAPEUTICS INC ACRS
Acme United Corp. ACU
Acorda Therapeutics Inc. ACOR
Actavis Plc AGN
Activision Blizzard Inc. ATVI
Actua Corp ACTA
Actuant Corp. Cl A ATU
Acuity Brands Inc. AYI
Acura Pharmaceuticals Inc. ACUR
ACUSHNET HOLDINGS CORP GOLF
Acxiom Corp. ACXM
ADA-ES Inc. ADES
ADAMIS PHARMACEUTICALS CORP ADMP
Adams Resources & Energy Inc. AE
AdCare Health Systems Inc. ADK
ADDUS HOMECARE CORP ADUS
ADDvantage Technologies Group Inc. AEY
Adeptus Health Inc ADPT
ADESTO TECHNOLOGIES CORP IOTS
ADIENT PLC ADNT
Adobe Systems Inc. ADBE
Adtran Inc. ADTN
ADURO BIOTECH INC ADRO
Advance Auto Parts AAP
ADVANCED DISP SVCS INC DEL ADSW
Advanced Drain Sys Inc WMS
Advanced Energy Industries Inc. AEIS
Advanced Environmental Recycling Technologies AERT
Advanced Micro Devices Inc. AMD
ADVANCEPIERRE FOODS HLDGS IN APFH
ADVANSIX INC ASIX
ADVAXIS INC ADXS
ADVENTRX Pharmaceuticals Inc. MSTX
Adverum Biotechnologies Inc ADVM
Advisory Board Co. ABCO
AECOM Technology Corp. ACM
Aegion corp AEGN
Aeglea Biotherapeutics AGLE
Aehr Test Systems AEHR
AEP Industries Inc. AEPI
AERIE PHARMACEUTICALS INC AERI
Aerocentury Corp. ACY
AEROHIVE NETWORKS INC HIVE
Aerojet Rocketdyne Hldgs Inc AJRD
AeroVironment Inc. AVAV
AES Corp. AES
Aetna Inc. AET
Affiliated Managers Group Inc. AMG
Affymax Inc. AFFY
AFLAC Inc. AFL
AG Mortgage Investment Trust MITT
AGCO Corp. AGCO
AGILE THERAPEUTICS INC AGRX
Agilent Technologies Inc. A
Agilysys Inc. AGYS
AGIOS PHARMACEUTICALS INC AGIO
Agnc Invt Corp AGNC
Agree Realty Corp. ADC
AIMMUNE THERAPEUTICS INC AIMT
AIR LEASE CORP AL
Air Methods Corp. AIRM
Air Products & Chemicals Inc. APD
Air T Inc. AIRT
Air Transport Services Group Inc. ATSG
Aircastle Ltd. AYR
AIRGAIN INC AIRG
AK Steel Holding Corp. AKS
Akamai Technologies Inc. AKAM
AKEBIA THERAPEUTICS INC AKBA
AKERS BIOSCIENCES INC AKER
Akorn Inc. AKRX
Alamo Group Inc. ALG
ALARM COM HLDGS INC ALRM
Alaska Air Group Inc. ALK
Alaska Communications Systems Group Inc.ALSK
Albany International Corp. AIN
Albany Molecular Research Inc. AMRI
Albemarle Corp. ALB
Albireo Pharma Inc ALBO
ALCENTRA CAP CORP ABDC
ALCOA CORPORATION AA
ALDER BIOPHARMACEUTICALS INC ALDR
ALDEYRA THERAPEUTICS INC ALDX
Alere Inc. ALR
ALEXANDER & BALDWIN INC ALEX
Alexander's Inc. ALX
Alexandria Real Estate Equities Inc. ARE
Alexion Pharmaceuticals Inc. ALXN
Alico Inc. ALCO
Align Technology Inc. ALGN
ALIMERA SCIENCES INC ALIM
Alkermes PLC ALKS
Alleghany Corp. Y
Allegheny Technologies Inc. ATI
ALLEGIANCE BANCSHARES INC ABTX
Allegiant Travel Co. ALGT
Allete Inc. ALE
Alliance Data Systems Corp. ADS
Alliance HealthCare Services Inc. AIQ
Alliance Holdings GP L.P. AHGP
ALLIANCE MMA INC AMMA
Alliance One International Inc. AOI
Alliance Resource Partners L.P. ARLP
AllianceBernstein Holding L.P. AB
Alliant Energy Corp. LNT
Allied Healthcare Prods Inc AHPI
Allied Motion Technologies Inc. AMOT
ALLISON TRANSMISSION HLDGS INC ALSN
Allscripts-Misys Healthcare Solutions Inc. MDRX
Allstate Corp. ALL
Ally Finl Inc ALLY
Almost Family Inc. AFAM
Alnylam Pharmaceuticals Inc. ALNY
Alon USA Energy Inc. ALJ
ALON USA PARTNERS LP ALDW
ALPHA & OMEGA SEMICONDUCTOR AOSL
Alphabet Inc Cl-C GOOG
Alphatec Holdings Inc ATEC
Altisource Residential RESI
Altra Holdings Inc. AIMC
Altria Group Inc. MO
AMAG Pharmaceuticals Inc. AMAG
Amazon.com Inc. AMZN
AMBARELLA INC AMBA
AMBER RD INC AMBR
AMC ENTMT HLDGS INC AMC
AMC NETWORKS INC AMCX
Amedica Corp AMDA
Amedisys Inc. AMED
Amerco UHAL
Ameren Corp. AEE
AMERESCO INC AMRC
AMERICAN AIRLINES GROUP INC AAL
AMERICAN ASSETS TR INC AAT
American Axle & Manufacturing Holdings IncA.XL
American Campus Communities Inc. ACC
AMERICAN CAP LTD ACAS
American Caresource Holdings Inc. GNOW
American Eagle Outfitters Inc. AEO
American Ecology Corp. ECOL
American Electric Power Co. Inc. AEP
American Electric Technologies Inc. AETI
American Equity Investment Life Holding CoA. EL
American Express Co. AXP
AMERICAN FARMLAND CO AFCO
American Financial Group Inc. AFG
AMERICAN HOMES 4 RENT AMH
American International Group Inc. AIG
AMERICAN MIDSTREAM PARTNERS AMID
American National Bankshares Inc. AMNB
American National Insurance Co. ANAT
American Public Education Inc. APEI
American Railcar Industries Inc. ARII
American Realty Investors Inc. ARL
American Renal Associat ARA
American Reprographics Co. ARC
American River Bankshares AMRB
American Shared Hospital Services AMS
American Software Inc. AMSWA
American States Water Co. AWR
American Superconductor Corp. AMSC
American Technology Corp. LRAD
American Tower Corp. Cl A AMT
American Vanguard Corp. AVD
American Water Works Co. AWK
American Woodmark Corp. AMWD
America's Car-Mart Inc. CRMT
Amerigas Partners L.P. APU
Ameriprise Financial Inc. AMP
Ameris Bancorp ABCB
AMERISAFE Inc. AMSF
AmeriServ Financial Inc. ASRV
AmerisourceBergen Corp. ABC
Amerityre Corp. AMTY
Ames National Corp. ATLO
Ametek Inc. AME
Amgen Inc. AMGN
Amicus Therapeutics Inc. FOLD
Amkor Technology Inc. AMKR
AMN Healthcare Services Inc. AMN
Ampco-Pittsburgh Corp. AP
Amphastar Pharmaceutical AMPH
Amphenol Corp. Cl A APH
AMPIO PHARMACEUTICALS INC AMPE
AMPLIFY SNACK BRANDS BETR
Amrep Corp. AXR
Amtech Systems Inc. ASYS
AmTrust Financial Services Inc. AFSI
AMYRIS INC AMRS
Anadarko Petroleum Corp. APC
Analog Devices Inc. ADI
Analogic Corp. ALOG
Andersons Inc. ANDE
Andrea Electronics Corp. ANDR
ANGIES LIST INC ANGI
AngioDynamics Inc. ANGO
Ani Pharmaceuticals Inc ANIP
Anika Therapeutics Inc. ANIK
Anixter International Inc. AXE
Annaly Capital Management Inc. NLY
Ansys Inc. ANSS
Antares Pharma Inc. ATRS
ANTERO MIDSTREAM PARTNERS LP AM
ANTERO RES CORP AR
Anthem Inc. ANTM
ANTHERA PHARMACEUTICALS INC ANTH
Antigenics Inc. AGEN
Anworth Mortgage Asset Corp. ANH
Apache Corp. APA
Apartment Investment & Management Co. AIV
Apogee Enterprises Inc. APOG
APOLLO COML REAL EST FIN INC ARI
Apollo Endosurgery Inc APEN
Apollo Group Inc. APOL
APOLLO INVT CORP AINV
APPFOLIO INC APPF
APPLE HOSPITALITY REIT INC APLE
Apple Inc. AAPL
Appliance Recycling Centers of America Inc. ARCI
APPLIED DNA SCIENCES INC APDN
Applied Energetics Inc. AERG
APPLIED GENETIC TECHNOL CORP AGTC
Applied Industrial Technologies Inc. AIT
Applied Materials Inc. AMAT
Applied Micro Circuits Corp. AMCC
APPLIED OPTOELECTRONICS INC AAOI
Approach Resources Inc. AREX
APPTIO INC APTI
Aptargroup Inc. ATR
APTEVO THERAPEUTICS INC APVO
Aqua America Inc. WTR
AQUA METALS INC COM AQMS
AQUAVENTURE HLDGS LTD WAAS
ARAMARK HLDGS CORP ARMK
ARATANA THERAPEUTICS INC PETX
Arbor Realty Trust Inc. ABR
ARCA biopharma Inc. ABIO
ARCADIA BIOSCIENCES INC RKDA
Arcbest Corp ARCB
Arch Capital Group Ltd. ACGL
ARCH COAL INC ARCH
Archer Daniels Midland Co. ADM
Archrock Inc AROC
Archrock Partners L P APLP
Arconic Inc ARNC
Arctic Cat Inc. ACAT
ARDELYX INC ARDX
Arena Pharmaceuticals Inc. ARNA
Ares Cap Corp ARCC
ARES COML REAL ESTATE CORP ACRE
ARES MGMT L P ARES
Argan Inc. AGX
Argo Group International Holdings Ltd. AGII
ARGOS THERAPEUTICS INC ARGS
Ariad Pharmaceuticals Inc. ARIA
ARISTA NETWORKS INC ANET
ARK Restaurants Corp. ARKR
ARLINGTON ASSET INVT CORP AI
ARMADA HOFFLER PPTYS INC AHH
ARMOUR RESIDENTIAL REIT INC ARR
ARMSTRONG FLOORING INC AFI
Armstrong World Industries Inc. AWI
Arotech Corp. ARTX
ArQule Inc. ARQL
Array BioPharma Inc. ARRY
Arrhythmia Research Technology Inc. HRT
Arris Intl Inc ARRS
Arrow Electronics Inc. ARW
Arrow Financial Corp. AROW
Arrowhead Pharmaceuticals In ARWR
Artesian Resources ARTNA
Arthur J. Gallagher & Co. AJG
ARTISAN PARTNERS ASSET MGMT APAM
Art's Way Manufacturing Co. ARTW
Asbury Automotive Group Inc. ABG
Ascena Retail ASNA
Ascent Media Corp ASCMA
Ascent Solar Technologies Inc. ASTI
Ashford Hospitality Prime Inc. AHP
Ashford Hospitality Trust Inc. AHT
Ashford Inc AINC
Ashland Global Hldgs Inc ASH
ASPEN AEROGELS INC ASPN
Aspen Insurance Holdings Ltd. AHL
ASPEN TECHNOLOGY INC AZPN
Assembly Biosciences Inc ASMB
Associated Banc-Corp ASB
ASSOCIATED CAP GROUP INC AC
Assurant Inc. AIZ
Assured Guaranty Ltd. AGO
Asta Funding Inc. ASFI
Astec Industries Inc. ASTE
Astoria Financial Corp. AF
Astro-Med Inc. ALOT
Astronics Corp. ATRO
Astrotech Corp ASTC
AT HOME GROUP INC HOME
AT&T Inc. T
ATARA BIOTHERAPEUTICS INC ATRA
athenahealth Inc. ATHN
Atkore Intl Group Inc ATKR
Atlantic American Corp. AAME
ATLANTIC PWR CORP AT
Atlas Air Worldwide Holdings AAWW
Atlas Financial Holding AFH
Atmos Energy Corp. ATO
Atn Intl Inc ATNI
ATOMERA INC ATOM
ATOSSA GENETICS INC ATOS
AtriCure Inc. ATRC
Atrion Corp. ATRI
Atwood Oceanics Inc. ATW
ATYR PHARMA INC LIFE
AUDENTES THERAPEUTICS INC BOLD
Audiovox Corp. VOXX
Authentidate Holding Corp. ADAT
Autobytel Inc. ABTL
Autodesk Inc. ADSK
AUTOLIV INC ALV
Automatic Data Processing Inc. ADP
AutoNation Inc. AN
AutoZone Inc. AZO
AV HOMES INC COM AVHI
Avalon Holdings Corp. AWX
Avalonbay Communities Inc. AVB
Avangrid Inc AGR
AVEO PHARMACEUTICALS INC AVEO
Avery Dennison Corp. AVY
AveXis Inc AVXS
Avid Technology Inc. AVID
AVINGER INC AVGR
Aviragen Therapeutics Inc AVIR
Avis Budget Group Inc. CAR
Avista Corp. AVA
Avnet Inc. AVT
Avon Products Inc. AVP
AVX Corp. AVX
Aware Inc. AWRE
Axalta Coating Sys Ltd AXTA
Axcelis Technologies Inc ACLS
AXION PWR INTL INC AXPW
Axis Capital Holdings Ltd. AXS
Axogen Inc AXGN
AXSOME THERAPEUTICS INC AXSM
AXT Inc. AXTI
Aytu Bioscience Inc AYTU
Azure Midstream Partners LP AZUR
AZURRX BIOPHARMA INC AZRX
AZZ Inc. AZZ
B&G Foods Inc. Cl A BGS
BABCOCK & WILCOX ENTERPRIS INC COM BW
Badger Meter Inc. BMI
Baker Hughes Inc. BHI
Balchem Corp. BCPC
Baldwin & Lyons Inc. BWINB
Ball Corp. BLL
Ballantyne of Omaha Inc. BTN
Banc Calif Inc BANC
BancFirst Corp. BANF
BancorpSouth Inc. BXS
Bank Mutual Corp. BKMU
Bank of America Corp. BAC
Bank of Hawaii Corp. BOH
Bank of Marin Bancorp BMRC
Bank of New York Mellon Corp. BK
Bank of South Carolina Corp. BKSC
Bank of The Ozarks Inc. OZRK
BankFinancial Corp. BFIN
Bankrate Inc RATE
BANKUNITED INC BKU
BANKWELL FINL GROUP INC BWFG
Banner Corp. BANR
Bar Harbor Bankshares BHB
BARNES & NOBLE ED INC COM BNED
Barnes & Noble Inc. BKS
Barnes Group Inc. B
Barnwell Industries Inc. BRN
Barrett Business Services Inc. BBSI
Basic Energy Services Inc. BAS
Bassett Furniture Industries Inc. BSET
Bats Global Mkts Inc BATS
Baxter International Inc. BAX
Bazaarvoice Inc BV
BB&T Corp. BBT
BCB Bancorp Inc. BCBP
BE Aerospace Inc. BEAV
Beacon Roofing Supply Inc. BECN
Bear St Finl Inc BSF
Beasley Broadcast Group Inc. BBGI
Beazer Homes USA Inc. BZH
bebe stores inc. BEBE
Becton Dickinson & Co. BDX
Bed Bath & Beyond Inc. BBBY
Bel Fuse Inc. BELFB
Belden Inc. BDC
BELLEROPHON THERAPEUTICS INC BLPH
BELLICUM PHARMACEUTICALS INC BLCM
Bemis Co. Inc. BMS
Benchmark Electronics Inc. BHE
Beneficial Mutual Bancorp Inc. BNCL
BENEFITFOCUS INC BNFT
BERKSHIRE HATHAWAY INC BRK/B
Berkshire Hills Bancorp Inc. BHLB
BERRY PLASTICS GROUP INC BERY
Best Buy Co. Inc. BBY
BGC Partners Inc. BGCP
Big 5 Sporting Goods Corp. BGFV
Big Lots Inc. BIG
Bill Barrett Corp. BBG
Bioanalytical Systems Inc. BASI
BIOCEPT INC BIOC
BioCryst Pharmaceuticals Inc. BCRX
BioDelivery Sciences International Inc. BDSI
Biogen Idec Inc. BIIB
Biolase Technology Inc. BIOL
BioLife Solutions Inc. BLFS
BioMarin Pharmaceutical Inc. BMRN
BIOPHARMX CORP BPMX
Bioptix Inc BIOP
Bio-Rad Laboratories Inc. Cl A BIO
BioScrip Inc. BIOS
BioSpecifics Technologies Corp. BSTC
BioTime Inc. BTX
BJ's Restaurants Inc. BJRI
Black Box Corp. BBOX
Black Diamond Inc BDE
Black Hills Corp. BKH
BLACK KNIGHT FINL SVCS INC BKFS
BLACK STONE MINERALS L P BSM
Blackbaud Inc. BLKB
Blackhawk Network Hldgs HAWK
BLACKLINE INC BL
BlackRock Inc. BLK
Blackrock Kelso Capital BKCC
Blackstone Group L.P. BX
Blackstone Mortgage Trust Inc BXMT
BLOOMIN BRANDS INC BLMN
Blucora Inc BCOR
BLUE BUFFALO PET PRODS INC BUFF
Blue Hills Bancorp Inc BHBK
Blue Nile Inc. NILE
BLUEBIRD BIO INC BLUE
BLUEKNIGHT ENERGY PARTNERS L BKEP
BlueLinx Holdings Inc. BXC
BLUEPRINT MEDICINES CORP BPMC
BLUEROCK RESIDENT GR REIT INC BRG
Bmc Stk Hldgs Inc BMCH
BNC Bancorp BNCN
Boardwalk Pipeline Partners LP BWP
Bob Evans Farms Inc. BOBE
Boeing Co. BA
BofI Holding Inc. BOFI
BOINGO WIRELESS INC WIFI
Boise Cascade Co BCC
BOJANGLES INC BOJA
BOK Financial Corp. BOKF
BONANZA CREEK ENERGY INC BCEI
Bon-Ton Stores Inc. BONT
Bookham Inc. OCLR
BOOT BARN HLDGS INC BOOT
BOOZ ALLEN HAMILTON HLDG COR BAH
BorgWarner Inc. BWA
Boston Beer Co. SAM
Boston Private Financial Holdings Inc. BPFH
Boston Properties Inc. BXP
Boston Scientific Corp. BSX
Bottomline Technologies Inc. EPAY
Bovie Medical Corp. BVX
Box Inc BOX
Boyd Gaming Corp. BYD
BP Prudhoe Bay Royalty Trust BPT
Brady Corp. BRC
Brandywine Realty Trust BDN
BRAVO BRIO RESTAURANT GROUP BBRG
Bridge Bancorp Inc. BDGE
Bridgeline Digital Inc BLIN
BRIDGEPOINT ED INC BPI
Briggs & Stratton Corp. BGG
BRIGHT HORIZONS FAM SOL IN D BFAM
Brightcove Inc BCOV
Brinker International Inc. EAT
Brink's Co. BCO
Bristol-Myers Squibb Co. BMY
Bristow Group Inc. BRS
BRIXMOR PPTY GROUP INC BRX
Broadridge Financial Solutions Inc. BR
BROADSOFT INC BSFT
Broadvision Inc. BVSN
BROADWIND ENERGY INC BWEN
Brocade Communications Systems Inc. BRCD
Brookdale Senior Living Inc. BKD
Brookline Bancorp Inc. BRKL
Brooks Automation Inc. BRKS
Brown & Brown Inc. BRO
Brown-Forman Corp. BF/B
BRT Realty Trust BRT
Bruker Corp. BRKR
Brunswick Corp. BC
Bryn Mawr Bank Corp. BMTC
BSB BANCORP INC MD BLMT
BSQUARE Corp. BSQR
Buckeye Partners L.P. BPL
Buckle Inc. BKE
Buffalo Wild Wings Inc. BWLD
Build-A-Bear Workshop Inc. BBW
Builders FirstSource Inc. BLDR
Bunge Ltd. BG
BURLINGTON STORES INC BURL
BWX Technologies Inc BWXT
C&F Financial Corp. CFFI
C.H. Robinson Worldwide Inc. CHRW
C.R. Bard Inc. BCR
CA Inc. CA
Cabela's Inc. CAB
CABLE ONE INC CABO
Cabot Corp. CBT
Cabot Microelectronics Corp. CCMP
Cabot Oil & Gas Corp. COG
Caci Inc CACI
Cadence Design Systems Inc. CDNS
Cadiz Inc. CDZI
CAESARS ENTMT CORP CZR
CAFEPRESS INC PRSS
CAI International Inc. CAI
Cal Dive InterNatl Inc. CDVIQ
Caladrius Biosciences Inc CLBS
Calamos Asset Management Inc. CLMS
CalAmp Corp. CAMP
Calavo Growers Inc. CVGW
Caleres Inc CAL
Calgon Carbon Corp. CCC
California Res Corp CRC
California Water Service Group CWT
CALITHERA BIOSCIENCES INC CALA
CALIX INC CALX
Callaway Golf Co. ELY
Callidus Software Inc. CALD
Callon Petroleum Co. CPE
Cal-Maine Foods Inc. CALM
Calpine Corp. CPN
Calumet Specialty Products Partners L.P. CLMT
Cambrex Corp. CBM
Camden National Corp. CAC
Camden Property Trust CPT
Campbell Soup Co. CPB
CAMPING WORLD HLDGS INC CWH
CANCER GENETICS INC CGIX
Cantel Medical Corp. CMD
Capella Education Co. CPLA
Capital City Bank Group Inc. CCBG
Capital One Financial Corp. COF
Capital Senior Living Corp. CSU
CAPITAL SOUTHWEST CO CSWC
CAPITALA FIN CORP CPTA
Capitol Federal Financial CFFN
CAPSTAR FINL HLDGS INC CSTR
Capstead Mortgage Corp. CMO
Capstone Turbine Corp CPST
Cara Therapeutics Inc CARA
Carbo Ceramics Inc. CRR
CARBONITE INC CARB
Cardinal Financial Corp. CFNL
Cardinal Health Inc. CAH
CardioNet Inc. BEAT
Cardiovascular Systems Inc. CSII
Cardium Therapeutics Inc. CRXM
Cardtronics Plc CATM
CARE CAP PPTYS INC CCP
CARE COM INC CRCM
CAREDX INC CDNA
Career Education Corp. CECO
Caretrust Reit Inc CTRE
Carlisle Cos. CSL
CARLYLE GROUP L P CG
CarMax Inc. KMX
Carnival Corp. CCL
CAROLINA BK HLDGS IN CLBH
Carpenter Technology Corp. CRS
Carriage Services Inc. CSV
Carrizo Oil & Gas Inc. CRZO
Carrols Restaurant Group Inc. TAST
Carters Inc. CRI
Cartesian Inc CRTN
CAS Medical Systems Inc. CASM
Cascade Bancorp CACB
Cascadian Therapeutics Inc CASC
Casella Waste Systems Inc. CWST
Casey's General Stores Inc. CASY
Casi Pharmaceuticals Inc CASI
Cass Information Systems Inc. CASS
Castle Brands Inc. ROX
CASTLIGHT HEALTH INC CSLT
Casual Male Retail Group Inc. DXLG
CATABASIS PHARMACEUTICALS IN CATB
CATALENT INC CTLT
Catalyst Biosciences Inc CBIO
Catalyst Pharmaceutical Partners Inc. CPRX
Catchmark Timber Trust Inc CTT
Caterpillar Inc. CAT
Cathay General Bancorp CATY
Cato Corp. CATO
Cavco Industries Inc. CVCO
Cavium Networks Inc. CAVM
CB Richard Ellis Group Inc. Cl A CBG
CBIZ Inc CBZ
CBL & Associates Properties Inc. CBL
CBOE HLDGS INC CBOE
CBS Corp. CBS
CCA Industries Inc. CAW
CDI Corp. CDI
CDW CORP CDW
Ceb Inc CEB
Ceco Environmental Corp. CECE
Cedar Fair L.P. Dep Rec FUN
Cedar Shopping Centers Inc. CDR
Celadon Group Inc. CGI
Celanese Corp. Series A CE
Celgene Corp. CELG
Celldex Therapeutics Inc. CLDX
Cellectar Biosciences CLRB
CEL-SCI Corp. CVM
Celsion Corp. CLSN
Cempra Inc CEMP
Centene Corp. CNC
CenterPoint Energy Inc. CNP
Centerstate Banks of Florida Inc. CSFL
Central Garden & Pet Co. CENTA
Central Pacific Financial Corp. CPF
Central Valley Community Bancorp CVCY
Century Aluminum Co. CENX
Century Bancorp Inc. CNBKA
Century Casinos Inc. CNTY
CENTURY CMNTYS INC CCS
CenturyTel Inc. CTL
Cenveo Inc. CVO
CERECOR INC CERC
Cerner Corp. CERN
CERULEAN PHARMA INC CERU
Cerus Corp. CERS
CEVA Inc. CEVA
CF Industries Holdings Inc. CF
CHANNELADVISOR CORP ECOM
Charles & Colvard Ltd. CTHR
Charles River Laboratories International Inc.CRL
Charles Schwab Corp. SCHW
Chart Industries Inc. GTLS
Charter Communications Inc N CHTR
Charter Financial Corp. CHFN
Chase Corp. CCF
CHATHAM LODGING TR CLDT
Cheesecake Factory Inc. CAKE
CHEFS WHSE INC CHEF
CHEGG INC CHGG
CHEMBIO DIAGNOSTICS INC CEMI
Chemed Corp. CHE
Chemical Financial Corp. CHFC
Chemocentryx Inc CCXI
CHEMOURS CO CC
CHEMTURA CORP CHMT
CHEMUG FINL CORP CHMG
Cheniere Energy Inc. LNG
Cherokee Inc. CHKE
CHERRY HILL MTG INVT CORP CHMI
Chesapeake Energy Corp. CHK
CHESAPEAKE LODGING TR CHSP
Chesapeake Utilities Corp. CPK
Chevron Corp. CVX
CHIASMA INC CHMA
Chicago Rivet & Machine Co. CVR
Chico's Fas Inc. CHS
Children's Place Retail Stores Inc. PLCE
Chimera Investment Corp. CIM
CHIMERIX INC CMRX
Chipotle Mexican Grill Inc. CMG
Choice Hotels International Inc. CHH
Christopher & Banks Corp. CBK
Church & Dwight Co. CHD
Churchill Downs Inc. CHDN
CHUYS HLDGS INC CHUY
Ciber Inc. CBR
CIDARA THERAPEUTICS INC CDTX
Ciena Corp. CIEN
CIGNA Corp. CI
Cim Coml Tr Corp CMCT
Cimarex Energy Co. XEC
Cincinnati Bell Inc New CBB
Cincinnati Financial Corp. CINF
Cinemark Holdings Inc. CNK
Ciner Res Lp CINR
Cintas Corp. CTAS
Circor International Inc. CIR
Cirrus Logic Inc. CRUS
Cisco Systems Inc. CSCO
Cit Group Inc CIT
Citi Trends Inc. CTRN
Citigroup Inc. C
Citizens & Northern Corp. CZNC
CITIZENS FINL GROUP INC CFG
Citizens Inc. CIA
Citrix Systems Inc. CTXS
City Holding Co. CHCO
Civeo Corp CVEO
Civista Bancshares Inc CIVB
CIVITAS SOLUTIONS INC CIVI
Clarcor Inc. CLC
Clayton Williams Energy Inc. CWEI
Clean Diesel Technologies Inc. CDTI
Clean Energy Fuels Corp. CLNE
Clean Harbors Inc. CLH
Clear Channel Outdoor Holdings Inc. CCO
Clearfield Inc. CLFD
ClearOne Communications Inc. CLRO
Clearside Biomedical In CLSD
CLEARSIGN COMBUSTION CORP CLIR
Clearwater Paper Corp. CLW
Cleveland BioLabs Inc. CBLI
Cliffs Natural Resources Inc. CLF
Clifton Savings Bancorp Inc. CSBK
Clorox Co. CLX
CLOUD PEAK ENERGY INC CLD
CLOVIS ONCOLOGY INC CLVS
CLUBCORP HLDGS INC MYCC
CM FIN INC CMFN
CME Group Inc. CME
CMS Energy Corp. CMS
CNA Financial Corp. CNA
CNB Financial Corp. (Pennsylvania) CCNE
CNX COAL RESOURCES LP CNXC
Coach Inc. COH
COBALT INTL ENERGY INC CIE
CoBiz Financial Inc. COBZ
Coca-Cola Bottling Co. Consolidated COKE
Coca-Cola Co. KO
CODEXIS INC CDXS
Codorus Valley Bancorp Inc. CVLY
Coeur d'Alene Mines Corp. CDE
Coffee Holding Co. Inc. JVA
Cogent Communications Group Inc. CCOI
Cogentix Med Inc CGNT
Cognex Corp. CGNX
Cognizant Technology Solutions Corp. CTSH
Cohen & Steers Inc. CNS
Coherent Inc. COHR
Coherus Biosciences Inc CHRS
Cohu Inc. COHU
Colfax Corp. CFX
Colgate-Palmolive Co. CL
Collectors Universe Inc. CLCT
COLLEGIUM PHARMACEUTICAL INC COLL
Colony Bankcorp Inc. CBAN
COLONY FINL INC CLNY
Colony Starwood Homes SFR
COLUCID PHARMACEUTICALS INC CLCD
Columbia Banking System Inc. COLB
COLUMBIA PIPELINE PARTNERS LP CPPL
Columbia Ppty Tr Inc CXP
Columbia Sportswear Co. COLM
Columbus McKinnon Corp. CMCO
CombiMatrix Corp. CBMX
Comcast Corp. CMCSA
Comerica Inc. CMA
Comfort Systems USA Inc. FIX
Command Security Corp. MOC
Commerce Bancshares Inc. CBSH
COMMERCEHUB INC CHUBA
COMMERCEHUB INC COM SER C CHUBK
Commercial Metals Co. CMC
Commercial Vehicle Group Inc. CVGI
CommonWealth REIT EQC
COMMSCOPE HLDG CO INC COMM
Communications Sales and Leasing Inc. CSAL
Communications Systems Inc. JCS
Community Bank System Inc. CBU
Community Health Systems Inc. CYH
COMMUNITY HEALTHCARE TR INC CHCT
Community Trust Bancorp Inc. CTBI
CommVault Systems Inc. CVLT
Compass Minerals International Inc. CMP
CompuCredit Corp. ATLC
Computer Programs & Systems Inc. CPSI
Computer Sciences Corp. CSC
Computer Task group CTG
comScore Inc. SCOR
Comstock Homebuilding Cos. Inc. CHCI
Comstock Resources Inc. CRK
Comtech Telecommunications Corp. CMTL
Conagra Brands Inc CAG
CONATUS PHARMACEUTICALS INC CNAT
CONCERT PHARMACEUTICALS INC CNCE
Concho Resources Inc. CXO
Concurrent Computer Corp. CCUR
Condor Hospitality Tr Inc Com CDOR
CONE MIDSTREAM PARTNERS LP CNNX
CONFORMIS INC CFMS
CONIFER HLDGS INC CNFR
CONMED Corp. CNMD
Connecticut Water Service Inc. CTWS
Connectone Bancorp Inc New CNOB
CONNECTURE INC CNXR
Conn's Inc. CONN
ConocoPhillips COP
Conseco Inc. CNO
Consol Energy Inc. CNX
Consolidated Communications Holdings Inc.CNSL
Consolidated Edison Inc. ED
Consolidated-Tomoka Land Co. CTO
Constellation Brands Inc. STZ
Consumer Portfolio Services Inc. CPSS
CONTAINER STORE GROUP INC TCS
Contango Oil & Gas Co. MCF
CONTINENTAL BLDG PRODS INC CBPX
Continental Resources Inc. CLR
CONTROL4 CORP CTRL
Convergys Corp. CVG
Cooper Cos. COO
Cooper Tire & Rubber Co. CTB
Copart Inc. CPRT
Copytele Inc. ITUS
Corcept Therapeutics Inc. CORT
Core Molding Technologies Inc. CMT
Corecivic Inc CXW
CORELOGIC INC CLGX
Core-Mark Holding Co. Inc. CORE
CORENERGY INFRASTRUCTURE TR CORR
CORESITE RLTY CORP COR
CORIUM INTL INC CORI
CORNERSTONE ONDEMAND INC CSOD
Corning Inc. GLW
Corporate Office Properties Trust OFC
Corvel Corp. CRVL
Corvus Pharmaceuticals CRVS
CoStar Group Inc. CSGP
Costco Wholesale Corp. COST
COTIVITI HLDGS INC COTV
COTY INC COTY
COUNTY BANCORP INC ICBK
COUPA SOFTWARE INC COUP
Cousins Properties Inc. CUZ
Covanta Holding Corp. CVA
Covenant Transport Group Inc. CVTI
COVISINT CORP COVS
COWEN GROUP INC NEW COWN
CPI Aerostructures Inc. CVU
CPI CARD GROUP INC PMTS
CRA International Inc. CRAI
Cracker Barrel Old Country Store Inc. CBRL
Craft Brewers Alliance Inc. BREW
Crane Co. CR
Cray Inc. CRAY
Credit Acceptance Corp. CACC
Cree Inc. CREE
Crestwood Equity Partners LP CEQP
CRIMSON WINE GROUP LTD CWGL
Crocs Inc. CROX
Cross Country Healthcare Inc. CCRN
Cross Timbers Royalty Trust CRT
Crossamerica Partners Lp CAPL
Crossroads Cap Inc XRDC
Crown Castle International Corp. CCI
Crown Crafts Inc. CRWS
Crown Holdings Inc. CCK
CryoLife Inc. CRY
CRYOPORT INC CYRX
Crystal Rock Hldgs Inc CRVP
CSG Systems International Inc. CSGS
CSI Compressco LP CCLP
CSP Inc. CSPI
CSRA INC CSRA
CSS Industries Inc. CSS
CST BRANDS INC CST
CSW INDUSTRIALS INC CSWI
CSX Corp. CSX
Cti Biopharma Corp CTIC
CTI Industries Corp. CTIB
CTS Corp. CTS
CU BANCORP CALIF CUNB
Cubesmart CUBE
Cubic Corp. CUB
Cui Global Inc CUI
Cullen/Frost Bankers Inc. CFR
Culp Inc. CFI
CUMBERLAND PHARMACEUTICALS I CPIX
Cummins Inc. CMI
Cumulus Media Inc. CMLS
Curis Inc. CRIS
Curtiss-Wright Corp. CW
CUSTOMERS BANCORP INC CUBI
Cutera Inc. CUTR
CVB Financial Corp. CVBF
CVD Equipment Corp. CVV
Cvr Refng Lp CVRR
CVS Caremark Corp. CVS
Cyanotech Corp. CYAN
CyberOptics Corp. CYBE
Cyclacel Pharmaceuticals Inc. CYCC
Cynosure Inc. CYNO
CYPRESS ENERGY PARTNERS LP CELP
Cypress Semiconductor Corp. CY
CYPRESS SHARPRIDGE INVTS INC CYS
CYRUSONE INC CONE
Cytokinetics Inc. CYTK
CYTOMX THERAPEUTICS INC CTMX
Cytori Therapeutics Inc CYTX
CYTOSORBENTS CORP CTSO
CytRx Corp. CYTR
D.R. Horton Inc. DHI
Daktronics Inc. DAKT
Dana Holding Corp. DAN
Danaher Corp. DHR
Darden Restaurants Inc. DRI
Darling International Inc. DAR
Dasan Zhone Solutions Inc DZSI
Data I/O Corp. DAIO
Datalink Corp. DTLK
Dataram Corp. DRAM
Datawatch Corp. DWCH
DAVE & BUSTERS ENTMT INC PLAY
DaVita Inc. DVA
Dawson Geophysical Co New DWSN
DCP Midstream Partners L.P. DPM
DCT Industrial Trust Inc. DCT
Dean Foods Co. DF
Deckers Outdoor Corp. DECK
Deere & Co. DE
DEL FRISCOS RESTAURANT GROUP DFRG
Delcath Systems Inc. DCTH
DELEK LOGISTICS PARTNERS LP DKL
Delek US Holdings Inc. DK
Delta Air Lines Inc. DAL
Delta Apparel Co. DLA
Delta Natural Gas Co. Inc. DGAS
Deltic Timber Corp. DEL
Deluxe Corp. DLX
Denbury Resources Inc. DNR
Denny's Corp. DENN
Dentsply Sirona Inc XRAY
DepoMed Inc. DEPO
Derma Sciences Inc. DSCI
DERMIRA INC DERM
Destination Maternity Corp. DEST
Developers Diversified Realty Corp. DDR
Devon Energy Corp. DVN
DeVry Inc. DV
DexCom Inc. DXCM
Dextera Surgical Inc DXTR
DGSE Cos. Inc. DGSE
Diamond Hill Investment Group Inc. DHIL
Diamond Offshore Drilling Inc. DO
DIAMONDBACK ENERGY INC FANG
Diamondrock Hospitality Co. DRH
Dice Holdings Inc. DHX
DICERNA PHARMACEUTICALS INC DRNA
Dick's Sporting Goods Inc. DKS
Diebold Inc. DBD
Differential Brands Group In DFBG
Digi International Inc. DGII
Digimarc Corp. DMRC
Digirad Corp. DRAD
Digital Ally Inc. DGLY
Digital Power Corp. DPW
Digital Realty Trust Inc. DLR
DIGITALGLOBE INC DGI
Dillard's Inc. DDS
Dime Community Bancshares DCOM
DIMENSION THERAPEUTICS INC DMTX
DineEquity Inc. DIN
Diodes Inc. DIOD
DIPEXIUM PHARMACEUTICALS INC DPRX
DIPLOMAT PHARMACY INC DPLO
Discover Financial Services DFS
Discovery Communications Inc. DISCA
DISH Network Corp. DISH
Diversicare Healthcare Svcs DVCR
Diversified Restaurant Holdings SAUC
Dixie Group Inc. DXYN
DLH Hldgs Corp DLHC
Dmc Global Inc BOOM
Document Sec Sys Inc DSS
Dolby Laboratories Inc. DLB
DOLLAR GEN CORP NEW DG
Dollar Tree Inc. DLTR
DOMINION MIDSTREAM PARTNERS LP DM
Dominion Resources Inc. (Virginia) D
Domino's Pizza Inc. DPZ
Donaldson Co. Inc. DCI
Donegal Group Inc. DGICA
DONNELLEY FINL SOLUTIONS INC DFIN
Donnelley R R & Sons Co RRD
Dorchester Minerals L.P. DMLP
Dorian Lpg Ltd LPG
Dorman Products Inc. DORM
DOUGLAS DYNAMICS INC PLOW
Douglas Emmett Inc. DEI
Dover Corp. DOV
Dover Downs Gaming & Entertainment Inc. DDE
Dover Motorsports Inc. DVD
Dow Chemical Co. DOW
Dr Pepper Snapple Group Inc. DPS
Drew Industries Inc. DW
Dril-Quip Inc. DRQ
Drive Shack Inc DS
DSP Group Inc. DSPG
DST Systems Inc. DST
DSW Inc. DSW
DTE Energy Co. DTE
Ducommun Inc. DCO
Duke Energy Corp. DUK
Duke Realty Corp. DRE
DULUTH HLDGS INC DLTH
Dun & Bradstreet Corp. DNB
DUNKIN BRANDS GROUP INC DNKN
Dupont Fabros Technology Inc. DFT
Durect Corp. DRRX
DXP Enterprises Inc. DXPE
Dycom Industries Inc. DY
Dynavax Technologies Corp. DVAX
Dynegy Inc. DYN
Dynex Capital Inc. DX
E L F BEAUTY INC ELF
E*TRADE Financial Corp. ETFC
E.I. DuPont de Nemours & Co. DD
E.W. Scripps Co. SSP
Eagle Bancorp Inc. EGBN
EAGLE BANCORP MONT INC EBMT
Eagle Bulk Shipping Inc EGLE
Eagle Materials Inc. EXP
EAGLE PHARMACEUTICALS INC EGRX
EarthLink Inc. ELNK
East West Bancorp Inc. EWBC
EASTERLY GOVT PPTYS INC DEA
Eastern Co. EML
Eastern Virginia Bankshares Inc. EVBS
EastGroup Properties Inc. EGP
Eastman Chemical Co. EMN
EASTMAN KODAK CO KODK
Eaton Corp. ETN
Eaton Vance Corp. EV
eBay Inc. EBAY
Ebix Inc. EBIX
Echelon Corp. ELON
ECHO GLOBAL LOGISTICS INC ECHO
EchoStar Corp. SATS
ECLIPSE RES CORP ECR
Ecolab Inc. ECL
Ecology & Environment Inc. EEI
EDGE THERAPEUTICS INC EDGE
Edgewater Technology Inc. EDGW
Edgewell Pers Care Co EPC
Edison International EIX
Editas Medicine Inc EDIT
Education Realty Trust Inc. EDR
Educational Development Corp. EDUC
Edwards Lifesciences Corp. EW
eGain Communications Corp. EGAN
EGALET CORP EGLT
eHealth Inc. EHTH
Eiger Biopharmaceuticals Inc EIGR
El Paso Electric Co. EE
EL POLLO LOCO HLDGS INC LOCO
Electro Scientific Industries Inc. ESIO
ELECTROMED INC ELMD
Electronic Arts Inc. EA
Electronics for Imaging Inc. EFII
ELEVEN BIOTHERAPEUTICS INC EBIO
Eli Lilly & Co. LLY
Elixir Gaming Technologies Inc. EGT
ELLIE MAE INC ELLI
ELLINGTON FINANCIAL LLC EFC
ELLINGTON RESIDENTIAL MTG RE EARN
eMagin Corp. EMAN
EMC Insurance Group Inc. EMCI
EMCOR Group Inc. EME
Emcore Corp. EMKR
EMERGE ENERGY SVCS LP EMES
Emergent Biosolutions Inc. EBS
Emerson Electric Co. EMR
Emerson Radio Corp. MSN
Emmis Communications Corp EMMS
Empire District Electric Co. EDE
EMPIRE RES INC DEL ERS
Empire Resorts Inc. NYNY
EMPIRE ST RLTY TR INC ESRT
Employers Holdings Inc. EIG
ENABLE MIDSTREAM PARTNERS LP ENBL
ENANTA PHARMACEUTICALS INC ENTA
Enbridge Energy Management L.L.C. EEQ
Enbridge Energy Partners L.P. EEP
Encore Capital Group Inc. ECPG
Encore Wire Corp. WIRE
Endo Pharmaceuticals Holdings Inc. ENDP
ENDOCYTE INC ECYT
Endologix Inc. ELGX
ENDURANCE INTL GROUP HLDGS INC EIGI
Endurance Specialty Holdings Ltd. ENH
ENDURO RTY TRUST NDRO
Energen Corp. EGN
ENERGIZER HLDGS INC NEW ENR
ENERGOUS CORP WATT
Energy Focus Inc. EFOI
Energy Recovery Inc. ERII
Energy Transfer Equity L.P. ETE
Energy Transfer Partners L.P. ETP
Energy West Inc. EGAS
ENERGY XXI (BERMUDA) LTD EXXIQ
EnerNOC Inc. ENOC
EnerSys Inc. ENS
ENGILITY HLDGS INC EGL
ENGlobal Corp. ENG
Enlink Midstream LLC ENLC
ENLINK MIDSTREAM PARTNERS LP ENLK
Ennis Inc. EBF
Enova International Inc. ENVA
ENPHASE ENERGY INC ENPH
EnPro Industries Inc. NPO
Ensign Group Inc. ENSG
Enstar Group Ltd. ESGR
Ensync Inc ESNC
ENTEGRA FINL CORP ENFC
Entegris Inc. ENTG
ENTELLUS MED INC ENTL
Entercom Communications Corp. ETM
Entergy Corp. ETR
EnteroMedics Inc. ETRM
Enterprise Bancorp Inc. EBTC
Enterprise Financial Services Corp. EFSC
Enterprise Products Partners L.P. EPD
Entertainment Properties Trust EPR
Entravision Communications Corp. EVC
ENVESTNET INC ENV
EnviroStar Inc. EVI
Envision Healthcare Corp EVHC
ENVIVA PARTNERS LP EVA
Enzo Biochem Inc. ENZ
Enzon Pharmaceuticals Inc. ENZN
EOG Resources Inc. EOG
EP ENERGY CORP EPE
Epam Sys Inc EPAM
EPIZYME INC EPZM
ePlus Inc. PLUS
EQT Corp. EQT
EQT GP HLDGS LP EQGP
EQT MIDSTREAM PARTNERS LP EQM
Equifax Inc. EFX
Equinix Inc. EQIX
EQUITY BANCSHARES INC EQBK
Equity Lifestyle Properties Inc. ELS
Equity One Inc. EQY
Equity Residential EQR
EQUUS TOTAL RETURN INC EQS
ERA GROUP INC ERA
Erickson Air Crane Inc EACIQ
Erie Indemnity Co. ERIE
Escalade Inc. ESCA
Escalon Medical Corp. ESMC
ESCO Technologies Inc. ESE
ESPERION THERAPEUTICS INC NE ESPR
Espey Manufacturing & Electronics Corp. ESP
ESSA Bancorp Inc. ESSA
Essendant Inc ESND
Essex Property Trust Inc. ESS
Estee Lauder Co. Inc. EL
Esterline Technologies Corp. ESL
Ethan Allen Interiors Inc. ETH
ETSY INC ETSY
Euronet Worldwide Inc. EEFT
EV Energy Partners L.P. EVEP
Evans Bancorp Inc. EVBN
EVERBANK FINL CORP EVER
EVERBRIDGE INC EVBG
Evercore Partners Inc. EVR
Everest Re Group Ltd. RE
Everi Hldgs Inc EVRI
Eversource Energy ES
EVERSPIN TECHNOLOGIES INC MRAM
Evine Live Inc EVLV
Evoke Pharma Inc EVOK
EVOLENT HEALTH INC EVH
Evolution Petroleum Corp. EPM
Evolving Systems Inc. EVOL
EXA CORP EXA
EXACT Sciences Corp. EXAS
Exactech Inc. EXAC
Exar Corp. EXAR
EXCO Resources Inc. XCO
Exelixis Inc. EXEL
Exelon Corp. EXC
ExlService Holdings Inc. EXLS
EXONE CO XONE
Expedia Inc. EXPE
Expeditors International of Washington Inc.EXPD
Exponent Inc. EXPO
EXPRESS INC EXPR
Express Scripts Inc. ESRX
Express-1 Expedited Solutions Inc. XPO
Extended Stay America Inc STAY
EXTERRAN CORP COM EXTN
Extra Space Storage Inc. EXR
EXTRACTION OIL AND GAS INC XOG
Extreme Networks Inc. EXTR
Exxon Mobil Corp. XOM
EYEGATE PHARMACEUTICALS INC EYEG
Ezcorp Inc EZPW
F.N.B. Corp. FNB
F5 Networks Inc. FFIV
FACEBOOK INC FB
FactSet Research Systems Inc. FDS
Fair Isaac Corp. FICO
Fairpoint Communication FRP
FalconStor Software Inc. FALC
Famous Dave's of America Inc. DAVE
Fannie Mae FNMA
Farmer Bros. Co. FARM
Farmers Capital Bank Corp. FFKT
FARMLAND PARTNERS INC FPI
FARO Technologies Inc. FARO
Fastenal Co. FAST
FATE THERAPEUTICS INC FATE
FB FINL CORP FBK
FBL Financial Group Inc. FFG
Fbr & Co FBRC
FCB FINL HLDGS INC FCB
Federal Agricultural Mortgage Corp. Cl C AGM
Federal Realty Investment Trust FRT
Federal Signal Corp. FSS
Federal-Mogul Corp. FDML
Federated Investors Inc. FII
Federated Natl Hldg Co FNHC
FedEx Corp. FDX
Felcor Lodging Trust Inc. FCH
Female Health Co. FHCO
FENIX PTS INC FENX
Ferrellgas Partners L.P. FGP
Ferro Corp. FOE
FIBROCELL SCIENCE INC FCSC
FIBROGEN INC FGEN
FIDELITY & GTY LIFE FGL
Fidelity National Financial Inc. FNF
Fidelity National Information Services Inc. FIS
Fidelity Southern Corp. LION
FIDUS INVT CORP FDUS
FieldPoint Petroleum Corp. FPP
Fiesta Restaurant Group Inc FRGI
FIFTH STR ASSET MGMT INC FSAM
FIFTH STREET FINANCE CORP FSC
Fifth Third Bancorp FITB
FINANCIAL ENGINES INC FNGN
Financial Institutions Inc. FISI
Finisar Corp. FNSR
Finish Line Inc. FINL
FIREEYE INC FEYE
First Acceptance Corp. FAC
First American Finan FAF
First Bancorp (North Carolina) FBNC
First Bancorp (Puerto Rico) FBP
First Bancorp Inc. FNLC
First Busey Corp. BUSE
First Citizens Bancshares Inc. FCNCA
First Commonwealth Financial Corp. (PennsyFlCvFa
First Community Bancshares Inc. (Nevada) FCBC
FIRST CONN BANCORP INC MD FBNK
FIRST DATA CORP NEW FDC
First Defiance Financial Corp. FDEF
First Financial Bancorp (Ohio) FFBC
First Financial Bankshares Inc. FFIN
First Financial Corp. (Indiana) THFF
First Financial Northwest Inc. FFNW
FIRST HAWAIIAN INC FHB
First Horizon National Corp. FHN
First Industrial Realty Trust Inc. FR
First Internet Banco INBK
FIRST INTST BANCSYSTEM INC FIBK
First Merchants Corp. FRME
First Midwest Bancorp FMBI
FIRST NBC BK HLDG CO FNBC
First of Long Island Corp. FLIC
First Potomac Realty Trust FPO
FIRST REP BK SAN FRAN CALI N FRC
First Solar Inc. FSLR
First South Bancorp Inc. FSBK
First United Corp. FUNC
First Us Bancshares Inc FUSB
Firstcash Inc FCFS
FirstEnergy Corp. FE
Fiserv Inc. FISV
FITBIT INC FIT
FIVE BELOW INC FIVE
FIVE OAKS INVT CORP OAKS
FIVE PRIME THERAPEUTICS INC FPRX
Five Star Quality Care Inc. FVE
FIVE9 INC FIVN
Flagstar Bancorp Inc. FBC
FLEETCOR TECHNOLOGIES INC FLT
FLEX PHARMA INC FLKS
FLEXION THERAPEUTICS INC FLXN
Flexsteel Industries Inc. FLXS
Flir Systems Inc. FLIR
Flotek Industries Inc. FTK
Flowers Foods Inc. FLO
Flowserve Corp. FLS
Fluidigm Corp Del FLDM
Fluor Corp. FLR
Flushing Financial Corp. FFIC
FMC Corp. FMC
FMC Technologies Inc. FTI
FMSA HLDGS INC FMSA
FOGO DE CHAO INC FOGO
Fonar Corp. FONR
Foot Locker Inc. FL
Ford Motor Co. F
FORESIGHT ENERGY LP FELP
Forest City Rlty Tr Inc FCE/A
Forestar Group Inc. FOR
Forgent Networks Inc. ASUR
FormFactor Inc. FORM
Forrester Research Inc. FORR
FORTERRA INC FRTA
FORTINET INC FTNT
FORTIVE CORP FTV
Fortress Biotech Inc FBIO
Fortress Investment Group L.L.C. FIG
FORTRESS TRANS INFRST INVS L FTAI
FORTUNE BRANDS HOME & SECURITY INC. FBHS
FORUM ENERGY TECHNOLOGIES IN FET
Forward Air Corp. FWRD
Forward Industries Inc. FORD
Fossil Inc. FOSL
FOUNDATION MEDICINE INC FMI
FOUR CORNERS PPTY TR INC COM FCPT
FOX FACTORY HLDG CORP FOXF
FPL Group Inc. NEE
FRANCESCAS HLDGS CORP FRAN
Franklin Covey Co. FC
Franklin Electric Co. Inc. FELE
FRANKLIN FINL NETWORK INC FSB
Franklin Resources Inc. BEN
Franklin Street Properties Corp. FSP
Freddie Mac FMCC
Fred's Inc. FRED
Freeport-McMoRan Copper & Gold Inc. FCX
FreightCar America Inc. RAIL
Frequency Electronics Inc. FEIM
Fresh Del Monte Produce Inc. FDP
FRESHPET INC FRPT
Friedman Industries Inc. FRD
Frontier Communications Corp. FTR
FRP Hldgs Inc FRPH
FS INVT CORP FSIC
FTI Consulting Inc. FCN
Fuel Tech Inc. FTEK
FuelCell Energy Inc. FCEL
FULGENT GENETICS INC FLGT
Full House Resorts Inc. FLL
Fulton Financial Corp. FULT
Functionx Inc New FNCX
Fusion Telecomm Intl Inc FSNN
Futurefuel Corporation FF
FXCM INC FXCM
G&K Services Inc. Cl A GK
Gaia Inc New GAIA
GAIN CAP HLDGS INC GCAP
GALECTIN THERAPEUTICS INC GALT
Galena Biopharma Inc GALE
GAMCO Investors Inc. GBL
GameStop Corp. Cl A GME
Gaming and Leisure Properties GLPI
GANNETT CO INC COM GCI
Gap Inc. GPS
GARRISON CAP INC GARS
Gartner Inc. IT
Gastar Exploration Ltd. GST
GATX Corp. GATX
GCP APPLIED TECHNOLOGIES INC GCP
Gee Group Inc JOB
GEMPHIRE THERAPEUTICS INC GEMP
Gencor Industries Inc. GENC
Gener8 Maritime Inc GNRT
General Cable Corp. BGC
General Communication Inc. GNCMA
General Dynamics Corp. GD
General Electric Co. GE
General Growth Properties Inc. GGP
General Mills Inc. GIS
General Moly Inc. GMO
General Motors Co. GM
Genesco Inc. GCO
Genesee & Wyo Inc. GWR
Genesis Energy L.P. GEL
Genesis Healthcare Inc GEN
GENIE ENERGY LTD GNE
GENMARK DIAGNOSTICS INC GNMK
GENOCEA BIOSCIENCES INC GNCA
Genomic Health Inc. GHDX
Genpact Ltd. G
Gentex Corp. GNTX
Gentherm Incorporated THRM
Genuine Parts Co. GPC
GenVec Inc. GNVC
Genworth Financial Inc. Cl A GNW
German American Bancorp Inc. GABC
Geron Corp. GERN
Getty Realty Corp. GTY
GEVO INC GEVO
Gibraltar Industries Inc. ROCK
GIGAMON INC GIMO
Giga-Tronics Inc. GIGA
Gigpeak Inc GIG
G-III Apparel Group Ltd. GIII
Gilead Sciences Inc. GILD
Glacier Bancorp Inc. GBCI
GLADSTONE CAPITAL CO GLAD
Gladstone Commercial Corp. GOOD
Gladstone Investment Corp GAIN
GLADSTONE LD CORP LAND
Glatfelter GLT
GLAUKOS CORP GKOS
GLOBAL BLOOD THERAPEUTICS IN GBT
GLOBAL BRASS & COPPER HLDGS BRSS
GLOBAL EAGLE ACQUISITION COR ENT
Global Med Reit Inc GMRE
Global Partners LP GLP
Global Payments Inc. GPN
GLOBAL POWER EQUIPMENT GRP GLPW
Global Wtr Res Inc GWRS
GlobalSCAPE Inc. GSB
Globalstar Inc. GSAT
Globeimmune Inc GBIM
GLOBUS MED INC GMED
Glu Mobile Inc. GLUU
GLYCOMIMETICS INC GLYC
GMS INC GMS
GNC HLDGS INC GNC
GODADDY INC GDDY
GOGO INC GOGO
Golden Entertainment Inc GDEN
GOLDEN MINERALS CO AUMN
Goldfield Corp. GV
GOLDMAN SACHS BDC INC GSBD
Goldman Sachs Group Inc. GS
GOLUB CAP BDC INC GBDC
Goodyear Tire & Rubber Co. GT
GOPRO INC GPRO
GORDMANS STORES INC GMAN
Gorman-Rupp Co. GRC
GOVERNMENT PPTYS INCOME TR GOV
Graco Inc. GGG
Graham Corp. GHM
Graham Holdings Co. GHC
Gramercy Ppty Tr GPT
Grand Canyon Education Inc. LOPE
Granite Construction Inc. GVA
Graphic Packaging Holding Co. GPK
Gray Television Inc. GTN
GREAT AJAX CORP AJX
GREAT BASIN SCIENTIFIC INC GBSND
Great Elm Cap Group Inc GECX
Great Lakes Dredge & Dock Corp. GLDD
Great Plains Inc. GXP
Great Southern Bancorp Inc. GSBC
GREAT WESTN BANCORP INC GWB
Green Brick Partners In GRBK
GREEN DOT CORP GDOT
GREEN PLAINS PARTNERS LP GPP
Green Plains Renewable Energy Inc. GPRE
Greenbrier Cos. GBX
Greenhill & Co. Inc. GHL
Greif Inc. GEF
Griffin Land & Nurseries Inc. GRIF
Griffon Corp. GFF
Group 1 Automotive Inc. GPI
GROUPON INC GRPN
GRUBHUB INC GRUB
GSE Systems Inc. GVP
GSI Technology Inc. GSIT
GTx Inc. GTXI
Guaranty Bancorp GBNK
Guess? Inc. GES
Guidance Software Inc. GUID
Guidewire Software Inc GWRE
Gulf Island Fabrication Inc. GIFI
Gulfmark Offshore Inc. GLF
Gulfport Energy Corp. GPOR
GWG HLDGS INC GWGH
H&E Equipment Services Inc. HEES
H&R Block Inc. HRB
H.B. Fuller Co. FUL
HABIT RESTAURANTS INC HABT
Hackett Group Inc. HCKT
Haemonetics Corp. HAE
Hain Celestial Group Inc. HAIN
HALCON RESOURCES CORP HK
HALLADOR ENERGY COMPANY HNRG
Halliburton Co. HAL
Hallmark Financial Services Inc. HALL
Halozyme Therapeutics Inc. HALO
Halyard Health Inc HYH
Hancock Holding Co. HBHC
Handy & Harmann Ltd. HNH
Hanesbrands Inc. HBI
Hanger Orthopedic Group Inc. HNGR
Hanmi Financial Corp. HAFC
HANNON ARMSTRONG SUST INFR C HASI
Hanover Capital Mortgage Holdings Inc. WAC
Hanover Insurance Group Inc. THG
HARBORONE BANCORP INC HONE
Hardinge Inc. HDNG
Harley-Davidson Inc. HOG
Harman International Industries Inc. HAR
Harmonic Inc. HLIT
HARRIS & HARRIS GROU TINY
Harris Corp. HRS
Harris Stratex Networks Inc. AVNW
Harsco Corp. HSC
Harte-Hanks Inc. HHS
Hartford Financial Services Group Inc. HIG
Harvard Bioscience Inc. HBIO
HARVEST CAP CR CORP HCAP
Harvest Natural Resources In HNR
Hasbro Inc. HAS
Haverty Furniture Cos. Inc. HVT
Hawaiian Electric Industries Inc. HE
Hawaiian Holdings Inc. HA
HAWAIIAN TELCOM HOLDCO INC HCOM
Hawkins Inc. HWKN
Hawthorn Bancshares Inc. HWBK
Haynes International Inc. HAYN
Hc2 Hldgs Inc HCHC
HCA HOLDINGS INC HCA
Hci Group Inc HCI
HCP Inc. HCP
HD SUPPLY HLDGS INC HDS
Headwaters Inc. HW
Health Care REIT Inc. HCN
HEALTH INS INNOVATIONS INC HIIQ
Healthcare Realty Trust Inc. HR
Healthcare Services Group Inc. HCSG
HEALTHCARE TR AMER INC HTA
HEALTHEQUITY INC HQY
HealthSouth Corp. HLS
HealthStream Inc. HSTM
Healthways Inc. HWAY
Heartland Express Inc. HTLD
Heartland Financial USA Inc. HTLF
HEAT BIOLOGICS INC HTBX
Hecla Mining Co. HL
Heico Corp. HEI/A
Heidrick & Struggles International Inc. HSII
Helen of Troy Corp. HELE
Helix Energy Solutions Group Inc. HLX
Helmerich & Payne Inc. HP
HEMISPHERE MEDIA GROUP INC HMTV
Hemispherx Biopharma Inc HEB
Henry Schein Inc. HSIC
Herbalife Ltd. HLF
Herc Hldgs Inc HRI
Hercules Tech Growth HTGC
Heritage Commerce Corp. HTBK
Heritage Financial Corp. HFWA
HERITAGE INS HLDGS INC HRTG
Heritage Oaks Bancorp HEOP
Heritage-Crystal Clean Inc. HCCI
Herman Miller Inc. MLHR
Hersha Hospitality Trust (Cl A) HT
Hershey Co. HSY
Hertz Global Holdings Inc HTZ
Heska Corp. HSKA
Hess Corp. HES
HEWLETT PACKARD ENTERPRISE C HPE
Hexcel Corp. HXL
HFF Inc. Cl A HF
HHGregg Inc. HGG
Hibbett Sports Inc. HIBB
HI-CRUSH PARTNERS LP HCLP
Highwoods Properties Inc. HIW
Hill International Inc. HIL
Hillenbrand Inc. HI
Hill-Rom Holdings Inc. HRC
Hilltop Holdings Inc. HTH
HILTON WORLDWIDE HLDGS INC HLT
HISTOGENICS CORP HSGX
HMN Financial Inc. HMNF
HMS Holdings Corp. HMSY
HNI Corp. HNI
Holly Energy Partners L.P. HEP
HollyFrontier Corporation HFC
Hologic Inc. HOLX
Home Bancorp Inc. HBCP
Home BancShares Inc. HOMB
Home Depot Inc. HD
Homestreet Inc HMST
Honeywell International Inc. HON
Hooker Furniture Corp. HOFT
Hooper Holmes Inc. HH
Hope Bancorp Inc HOPE
HopFed Bancorp Inc. HFBC
Horace Mann Educators Corp. HMN
Horizon Bancorp HBNC
Horizon Global Corp HZN
HORIZON PHARMA INC HZNP
Horizon Technology Finance Corp HRZN
Hormel Foods Corp. HRL
Hornbeck Offshore Services Inc. HOS
HORTONWORKS INC HDP
Hospitality Properties Trust HPT
Host Hotels & Resorts Inc. HST
HOUGHTON MIFFLIN HARCOURT CO HMHC
HOULIHAN LOKEY INC HLI
Houston American Energy Corp. HUSA
Houston Wire & Cable Co. HWCC
Hovnanian Enterprises Inc. HOV
HOWARD HUGHES CORP COM HHC
Hp Inc HPQ
HSN Inc. HSNI
Hub Group Inc. HUBG
Hubbell Inc. HUBB
HUBSPOT INC HUBS
Hudson Global Inc HSON
HUDSON PAC PPTYS INC HPP
Hudson Technologies Inc. HDSN
Hugoton Royalty Trust Un HGT
Humana Inc. HUM
Huntington Bancshares Inc. HBAN
HUNTINGTON INGALLS INDS INC HII
Huntsman Corp. HUN
Hurco Cos. HURC
Huron Consulting Group Inc. HURN
HYATT HOTELS CORP H
Hyperdynamics Corp. HDYN
HYSTER YALE MATLS HANDLING HY
I.D. Systems Inc. IDSY
IAC/InterActiveCorp. IAC
IBERIABANK Corp. IBKC
icad Inc. ICAD
Icahn Enterprises L.P. IEP
ICF International Inc. ICFI
Iconix Brand Group Inc. ICON
ICU Medical Inc. ICUI
IDACORP Inc. IDA
IDEAL PWR INC IPWR
Identive Group Inc INVE
Idera Pharmaceuticals Inc. IDRA
IDEX Corp. IEX
IDEXX Laboratories Inc. IDXX
IDT Corp. (Cl B) IDT
IEC Electronics Corp. IEC
Ies Hldgs Inc IESC
IGNITE RESTAURANT GROUP INC IRG
II-VI Inc. IIVI
Ilg Inc ILG
Illinois Tool Works Inc. ITW
Illumina Inc. ILMN
Image Sensing Systems Inc. ISNS
Imation Corp. IMN
Immersion Corp. IMMR
IMMUNE DESIGN CORP IMDZ
Immunocellular Therapeutics IMUC
Immunogen Inc. IMGN
Immunomedics Inc. IMMU
IMPAC MTG HLDGS INC IMH
IMPAX LABORATORIES I IPXL
IMPERIAL HLDGS INC EMG
IMPERVA INC IMPV
IMPINJ INC PI
IMPRIMIS PHARMACEUTICALS INC IMMY
Inc Resh Hldgs Inc INCR
Incyte Corp. INCY
Independence Holding Co. IHC
INDEPENDENCE RLTY TR INC IRT
Independent Bank Corp. INDB
Independent Bank Corp. (Michigan) IBCP
INDEPENDENT BK GROUP INC IBTX
Industrial Services of America Inc. IDSA
Infinera Corp. INFN
Infinity Pharmaceuticals Inc. INFI
Infinity Property & Casualty Corp. IPCC
Information Services Group Inc. III
InfoSonics Corp. IFON
INFRAREIT INC HIFR
Infusystems Holdings INFU
ING U S INC VOYA
INGEVITY CORP NGVT
Ingles Mkts Inc IMKTA
Ingredion Incorporated INGR
InnerWorkings Inc. INWK
Innodata Isogen Inc. INOD
Innophos Holdings Inc. IPHS
INNOSPEC INC IOSP
Innovative Solutions & Support Inc. ISSC
Innoviva Inc INVA
INOGEN INC INGN
INOTEK PHARMACEUTICALS CORP ITEK
INOVALON HLDGS INC INOV
Inovio Biomedical Corp. INO
INPHI CORP IPHI
Inseego Corp INSG
Insight Enterprises Inc. NSIT
Insignia Systems Inc. ISIG
Insmed Inc. INSM
Insperity Inc NSP
INSTALLED BLDG PRODS INC IBP
Insteel Industries Inc. IIIN
Institutional Finl Mkts Inc IFMI
INSTRUCTURE INC INST
Insulet Corp. PODD
INSYS THERAPEUTICS INC NEW INSY
Integer Hldgs Corp ITGR
Integra LifeSciences Holdings Corp. IART
Integrated Device Technology Inc. IDTI
Intel Corp. INTC
INTELIQUENT INC IQNT
INTELLIA THERAPEUTICS INC NTLA
Intelli-Check-Mobilisa Inc. IDN
Inter Parfums Inc. IPAR
Interactive Brokers Group Inc. IBKR
INTERCEPT PHARMACEUTICALS ICPT
INTERCLOUD SYS INC ICLD
IntercontinentalExchange Inc. ICE
InterDigital Inc. IDCC
Interface Inc. TILE
Intermolecular Inc IMI
InterNAP Network Services Corp. INAP
International Assets Holding Corp. INTL
International Bancshares Corp. IBOC
International Business Machines Corp. IBM
International Flavors & Fragrances Inc. IFF
International Paper Co. IP
International Speedway Corp. ISCA
Interpace Diagnostics Group IDXG
Interpublic Group of Cos. IPG
INTERSECT ENT INC XENT
Intersections Inc. INTX
Intersil Corp. Cl A ISIL
Intest Corp. INTT
Intevac Inc. IVAC
INTRALINKS HLDGS INC IL
INTRAWEST RESORTS HLDGS INC SNOW
Intrepid Potash Inc. IPI
Intrexon Corp XON
IntriCon Corp. IIN
Intuit Inc. INTU
Intuitive Surgical Inc. ISRG
Inuvo Inc. INUV
Invacare Corp. IVC
INVENSENSE INC INVN
Inventergy Global Inc INVT
Inventure Group Inc. SNAK
INVESCO Ltd. IVZ
INVESCO MORTGAGE CAPITAL INC IVR
INVESTAR HLDG CORP ISTR
Investment Technology Group Inc. ITG
Investors Bancorp Inc. ISBC
Investors Real Estate Trust IRET
Investors Title Co. ITIC
INVITAE CORP NVTA
INVUITY INC IVTY
ION Geophysical Corp. IO
Ionis Pharmaceuticals Inc IONS
iPass Inc. IPAS
IPG Photonics Corp. IPGP
IRADIMED CORP IRMD
IRHYTHM TECHNOLOGIES INC IRTC
Iridex Corp. IRIX
IRIDIUM COMMUNICATIONS INC IRDM
iRobot Corp. IRBT
Iron Mountain Inc. IRM
IRONWOOD PHARMACEUTICALS INC IRWD
Isle of Capri Casinos Inc. ISLE
IsoRay Inc. ISR
Isramco Inc. ISRL
iStar Financial Inc. STAR
Iteris Inc. ITI
Itron Inc. ITRI
Itt Inc ITT
Ivax Diagnostics Inc. ERBA
Ixia XXIA
IXYS Corp. IXYS
J Alexanders Hldgs Inc JAX
J&J Snack Foods Corp. JJSF
J.B. Hunt Transport Services Inc. JBHT
J.C. Penney Co. Inc. JCP
J.M. Smucker Co. SJM
j2 Global Communications Inc. JCOM
Jabil Circuit Inc. JBL
Jack Henry & Associates Inc. JKHY
Jack in the Box Inc. JACK
Jacobs Engineering Group Inc. JEC
JAGUAR ANIMAL HEALTH INC JAGX
JAKKS Pacific Inc. JAKK
Jamba Inc. JMBA
Janus Capital Group Inc. JNS
JERNIGAN CAP INC JCAP
JetBlue Airways Corp. JBLU
JGWPT HLDGS INC JGWE
JIVE SOFTWARE INC JIVE
JMP Group Corp. JMP
John B. Sanfilippo & Son Inc. JBSS
John Bean Technologies Corp. JBT
Johnson & Johnson JNJ
Johnson Ctls Intl Plc JCI
Johnson Outdoors Inc. JOUT
JOINT CORP JYNT
JONES ENERGY INC JONE
Jones Lang LaSalle Inc. JLL
Jones Soda Co. JSDA
Joy Global Inc. JOY
JP ENERGY PARTNERS LP JPEP
JPMorgan Chase & Co. JPM
Juniper Networks Inc. JNPR
Juniper Pharmaceuticals Inc JNP
JUNO THERAPEUTICS INC JUNO
K12 Inc. LRN
K2m Group Hldgs Inc KTWO
Kadant Inc. KAI
KADMON HLDGS LLC KDMN
Kaiser Aluminum Corp. KALU
Kalvista Pharmaceuticals Inc KALV
Kaman Corp. KAMN
Kansas City Life Ins Co KCLI
Kansas City Southern KSU
KapStone Paper & Packaging Corp. KS
KAR AUCTION SVCS INC KAR
Kate Spade & Co KATE
KB Home KBH
KBR Inc. KBR
KCAP FINL INC KCAP
Kearny Financial Corp. KRNY
Kellogg Co. K
Kelly Services Inc. KELYA
KEMET CORP KEM
Kemper Corp Del KMPR
KEMPHARM INC KMPH
Kennametal Inc. KMT
KENNEDY-WILSON HLDGS INC KW
Keryx Biopharmaceuticals Inc. KERX
Kewaunee Scientific Corp. KEQU
Key Technology Inc. KTEC
Key Tronic Corp. KTCC
KeyCorp KEY
KEYSIGHT TECHNOLOGIES INC KEYS
KEYW HLDG CORP KEYW
Kforce Inc. KFRC
Kilroy Realty Corp. KRC
KIMBALL ELECTRONICS INC KE
Kimball International Inc. KBAL
Kimberly-Clark Corp. KMB
Kimco Realty Corp. KIM
KINDER MORGAN INC DEL KMI
Kindred Biosciences Inc KIN
Kindred Healthcare Inc. KND
KINSALE CAP GROUP INC KNSL
Kirby Corp. KEX
Kirkland's Inc. KIRK
KITE PHARMA INC KITE
Kite Realty Group Trust KRG
KLA-Tencor Corp. KLAC
KLX INC KLXI
KMG Chemicals Inc. KMG
Knight Transportation Inc. KNX
Knoll Inc. KNL
Knowles Corp. KN
Kohl's Corp. KSS
Kona Grill Inc. KONA
Kopin Corp. KOPN
Koppers Holdings Inc. KOP
Korn/Ferry International KFY
Koss Corp. KOSS
Kraft Heinz Company KHC
KRATON PERFORMANCE POLYMERS KRA
Kratos Defense & Security Solutions Inc. KTOS
Kroger Co. KR
Kronos Worldwide Inc. KRO
Kulicke & Soffa Industries Inc. KLIC
KURA ONCOLOGY INC KURA
KVH Industries Inc. KVHI
L Brands Inc. LB
L.B. Foster Co. FSTR
L.S. Starrett Co. SCX
L-3 Communications Holdings Inc. LLL
Laboratory Corp. of America Holdings LH
LADDER CAP CORP LADR
Ladenburg Thalmann Financial Services Inc. LTS
Lake Sunapee Bk Group LSBG
Lakeland Bancorp Inc. LBAI
Lakeland Financial Corp. LKFN
Lakeland Industries Inc. LAKE
Lam Research Corp. LRCX
Lamar Advertising Co. LAMR
LAMB WESTON HLDGS INC LW
Lancaster Colony Corp. LANC
Landauer Inc. LDR
Landec Corp. LNDC
LANDMARK INFRASTRUCTURE LP LMRK
LANDS END INC LE
Landstar System Inc. LSTR
Lannett Co. Inc. LCI
LANTHEUS HLDGS INC LNTH
Lantronix Inc. LTRX
LAREDO PETE HLDGS INC LPI
Las Vegas Sands Corp. LVS
LaSalle Hotel Properties LHO
Lattice Semiconductor Corp. LSCC
Lawson Products Inc. LAWS
Layne Christensen Co. LAYN
Lazard Ltd. LAZ
La-Z-Boy Inc. LZB
Leaf Group Ltd LFGR
Lear Corp LEA
Lee Enterprises Inc. LEE
Legacy Reserves L.P. LGCY
Legacy Tex Finl Group Inc LTXB
Legg Mason Inc. LM
Leggett & Platt Inc. LEG
Leidos Holdings Inc. LDOS
LeMaitre Vascular Inc. LMAT
Lennar Corp. LEN
Lennox International Inc. LII
Leucadia National Corp. LUK
Level 3 Communications Inc. LVLT
Lexicon Pharmaceuticals Inc. LXRX
Lexington Realty Trust LXP
LHC Group LHCG
Libbey Inc. LBY
Liberty Braves Group-A BATRA
LIBERTY BROADBAND CORP LBRDA
LIBERTY EXPEDIA HOLDINGS LEXEA
Liberty Interactive Corp LVNTA
Liberty Media Coproration LMCA
Liberty Property Trust LPT
Liberty Siriusxm Grp-A LSXMA
LIBERTY TRIPADVISOR HLDGS IN LTRPA
Life Storage Inc LSI
LIFELOCK INC LOCK
LifePoint Hospitals Inc. LPNT
Lifetime Brands Inc. LCUT
LIFEVANTAGE CORP LFVN
Lifeway Foods Inc. LWAY
Ligand Pharmaceuticals Inc. LGND
LIGHTING SCIENCE GROUP CORP LSCG
Lightpath Technologies Inc. Cl A LPTH
Lime Energy Co. LIME
Limelight Networks Inc. LLNW
LIMONEIRA CO LMNR
Lincoln Educational Services Corp. LINC
Lincoln Electric Holdings Inc. LECO
Lincoln National Corp. LNC
Lindsay Corp. LNN
Linear Technology Corp. LLTC
Lionbridge Technologies Inc. LIOX
LIONS GATE ENTMNT CORP LGF.B
Liquidity Services Inc. LQDT
Lithia Motors Inc. LAD
Littelfuse Inc. LFUS
Live Nation Inc. LYV
LIVE OAK BANCSHARES INC LOB
LivePerson Inc. LPSN
LKQ Corp. LKQ
LMI Aerospace Inc. LMIA
Lockheed Martin Corp. LMT
Loews Corp. L
LOGMEIN INC LOGM
Loral Space & Communications Ltd. LORL
Louisiana-Pacific Corp. LPX
Lowe's Cos. LOW
Loxo Oncology Inc LOXO
LPL INVT HLDGS INC LPLA
LSB Industries Inc. LXU
LSC COMMUNICATIONS INC LKSD
LSI Industries Inc. LYTS
LTC Properties Inc. LTC
Luby's Inc. LUB
Lucas Energy Inc. LEI
Lumber Liquidators Inc. LL
LUMENTUM HLDGS INC COM LITE
Luminex Corp. LMNX
LUMOS NETWORKS CORP LMOS
Luna Innovations Inc. LUNA
Lydall Inc. LDL
LYON WILLIAM HOMES WLH
M B T Financial Corp. MBTF
M&T Bank Corp. MTB
M.D.C. Holdings Inc. MDC
M/I Homes Inc. MHO
MA COM TECHNOLOGY SOLUTIONS MTSI
Macatawa Bank Corp. MCBC
Macerich Co. MAC
Mack-Cali Realty Corp. CLI
Macrogenics Inc MGNX
Macy's Inc. M
MADISON SQUARE GARDEN CO NEW MSG
Madrigal Pharmaceuticals Inc MDGL
Magellan Health Services Inc. MGLN
Magellan Midstream Partners L.P. MMP
Magellan Petroleum Corp. MPET
MAGNEGAS CORP MNGA
Maiden Holdings Ltd. MHLD
MAIN STREET CAPITAL CORP MAIN
MainSource Financial Group Inc. MSFG
Majesco Entertainment Co. COOL
MALIBU BOATS INC MBUU
MAMMOTH ENERGY SVCS INC TUSK
Manhattan Associates Inc. MANH
Manitex International Inc. MNTX
Manitowoc Co. MTW
MANITOWOC FOODSERVICE INC MFS
Mannatech Inc. MTEX
MANNING & NAPIER INC MN
MannKind Corp. MNKD
Manpower Inc. MAN
ManTech International Corp. MANT
Marathon Oil Corp. MRO
Marathon Petroleum Corp. MPC
Marchex Inc. MCHX
Marcus & Millichap Inc MMI
Marcus Corp. MCS
MARIN SOFTWARE INC MRIN
Marine Products Corp. MPX
MarineMax Inc. HZO
MARINUS PHARMACEUTICALS INC MRNS
Markel Corp. MKL
MarketAxess Holdings Inc. MKTX
Marlin Business Services Corp. MRLN
Marriott International Inc. Cl A MAR
MARRIOTT VACATIONS WRLDWDE C VAC
MARRONE BIO INNOVATIONS INC MBII
Marsh & McLennan Cos. MMC
Marten Transport Ltd. MRTN
Martin Marietta Materials Inc. MLM
Martin Midstream Partners L.P. MMLP
Marvell Technology Group Ltd. MRVL
Masco Corp. MAS
Masimo Corp. MASI
MasTec Inc. MTZ
Mastech Holdings Inc. MHH
MasterCard Inc. Cl A MA
Matador Res Co MTDR
MATCH GROUP INC MTCH
Mateon Therapeutics Inc MATN
Materion Corp MTRN
Matrix Service Co. MTRX
Matson Inc MATX
Mattel Inc. MAT
Mattersight Corp MATR
Matthews International Corp. Cl A MATW
Maui Land & Pineapple Co. Inc. MLP
Maxim Integrated Products Inc. MXIM
Maximus Inc. MMS
MAXLINEAR INC MXL
MAXPOINT INTERACTIVE INC MXPT
Maxwell Technologies Inc. MXWL
MB Financial Inc. MBFI
MBIA Inc. MBI
MCBC HLDGS INC MCFT
Mcclatchy Co MNI
McCormick & Co. Inc. MKC
McDermott International Inc. MDR
McDonald's Corp. MCD
McGrath RentCorp MGRC
McKesson Corp. MCK
MDU Resources Group Inc. MDU
Mead Johnson Nutrition Co. MJN
Medallion Financial Corp. MFIN
MEDEQUITIES RLTY TR INC MRT
MEDIA GEN INC NEW MEG
Medical Properties Trust Inc. MPW
MEDICAL TRANSCRIPTION BLG CO MTBC
Medicines Co. MDCO
MediciNova Inc. MNOV
MEDIDATA SOLUTIONS INC MDSO
Medifast Inc. MED
MEDLEY CAP CORP MCC
MEDLEY MGMT INC MDLY
Mednax Inc. MD
MEDPACE HLDGS INC MEDP
Meetme Inc MEET
MEI PHARMA INC MEIP
MEMORIAL PRODTN PARTNERS LP MEMP
Mentor Graphics Corp. MENT
Mercantile Bank Corp. MBWM
Merchants Bancshares Inc. (Vermont) MBVT
Merck & Co. Inc. MRK
Mercury Computer Systems Inc. MRCY
Mercury General Corp. MCY
Meredith Corp. MDP
Meridian Bioscience Inc. VIVO
Meridian Interstate Bancorp Inc. EBSB
Merit Medical Systems Inc. MMSI
Meritage Homes Corp. MTH
Meritor Inc MTOR
MERRIMACK PHARMACEUTICALS IN MACK
Mesa Laboratories Inc. MLAB
Meta Financial Group Inc. CASH
Metabolix Inc. MBLX
Metaldyne Performance Group Inc. MPG
Methode Electronics Inc. MEI
MetLife Inc. MET
Mettler-Toledo International Inc. MTD
Mexco Energy Corp. MXC
MFA Financial Inc. MFA
MFRI Inc. MFRI
Mgc Diagnostics Corp MGCD
MGE Energy Inc. MGEE
MGIC Investment Corp. MTG
Mgm Growth Pptys Llc MGP
MGM MIRAGE MGM
MGP Ingredients Inc. MGPI
MICHAELS COS INC MIK
Microbot Med Inc MBOT
Microchip Technology Inc. MCHP
Micron Technology Inc. MU
Company Name Ticker
Microsemi Corp. MSCC
Microsoft Corp. MSFT
MicroStrategy Inc. MSTR
Microvision Inc. MVIS
MID CON ENERGY PARTNERS LP MCEP
Mid-America Apartment Communities Inc. MAA
MIDCOAST ENERGY PARTNERS L P MEP
Middleburg Financial Corp. MBRG
Middleby Corp. MIDD
Middlesex Water Co. MSEX
MIDLAND STS BANCORP INC ILL MSBI
MidSouth Bancorp Inc. MSL
MidWestOne Financial Group Inc. MOFG
MILACRON HLDGS CORP MCRN
Miller Industries Inc. MLR
MiMedx Group Inc MDXG
MINDBODY INC MB
Mine Safety Appliances Co. MSA
Minerals Technologies Inc. MTX
MINERVA NEUROSCIENCES INC NERV
Mirna Therapeutics Inc MIRN
Misonix Inc. MSON
MISTRAS GROUP INC MG
Mitcham Industries Inc. MIND
Mitek Systems Inc. MITK
MKS Instruments Inc. MKSI
MMRGLOBAL INC COM MMRF
Mobile Mini Inc. MINI
MOBILEIRON INC MOBL
MOCON Inc. MOCO
MODEL N INC MODN
Modine Manufacturing Co. MOD
ModusLink Global Solutions Inc. MLNK
MOELIS & CO MC
Mohawk Industries Inc. MHK
Molina Healthcare Inc. MOH
Molson Coors Brewing Co. TAP
Momenta Pharmaceuticals Inc. MNTA
Monarch Casino & Resort Inc. MCRI
Mondelez International Inc MDLZ
MoneyGram International Inc. MGI
Monmouth Real Estate Investment Corp. Cl AMNR
MONOGRAM RESIDENTIAL TR INC MORE
Monolithic Power Systems Inc. MPWR
Monotype Imaging Holdings Inc. TYPE
Monro Muffler Brake Inc. MNRO
MONROE CAP CORP MRCC
Monsanto Co. MON
Monster Beverage Corp MNST
MONSTER DIGITAL INC MSDI
Moody's Corp. MCO
Moog Inc. MOG/A
Morgan Stanley MS
Morningstar Inc. MORN
Mosaic Co. MOS
MoSys Inc. MOSY
Motorcar Parts of America Inc. MPAA
Motorola Solutions MSI
Movado Group Inc. MOV
MPLX LP MPLX
MRC GLOBAL INC MRC
MSC Industrial Direct Co. MSM
MSCI Inc. MSCI
Msg Network Inc MSGN
Mtge Invt Corp MTGE
MTS Systems Corp. MTSC
Mueller Industries Inc. MLI
Mueller Water Products Inc. MWA
MULTI PACKAGING SOLUTIONS IN MPSX
Multi-Color Corp. LABL
Murphy Oil Corp. MUR
Murphy Usa Inc MUSA
MutualFirst Financial Inc. MFSF
Mvc Cap MVC
Myers Industries Inc. MYE
MYOKARDIA INC MYOK
MYR Group Inc. MYRG
Myriad Genetics Inc. MYGN
Nabors Industries Ltd. NBR
NACCO Industries Inc. NC
Nanometrics Inc. NANO
Nanophase Technologies Corp. NANX
NANOSTRING TECHNOLOGIES INC NSTG
Nanthealth Inc NH
NANTKWEST INC NK
NAPCO Security Technologies Inc. NSSC
NASDAQ OMX Group Inc. NDAQ
NATERA INC NTRA
Nathan's Famous Inc. NATH
National Bankshares Inc. NKSH
National Beverage Corp. FIZZ
NATIONAL BK HLDGS CORP NBHC
National CineMedia Inc. NCMI
NATIONAL COMM CORP NCOM
National Fuel Gas Co. NFG
NATIONAL GEN HLDGS CORP NGHC
National Health Investors Inc. NHI
National Healthcare Corp. NHC
National Instruments Corp. NATI
National Oilwell Varco Inc. NOV
National Presto Industries Inc. NPK
National Research Corp. NRCIB
NATIONAL RESH CORP NRCIA
National Retail Properties Inc. NNN
NATIONAL STORAGE AFFILIATES NSA
National Western Life Insurance Co. NWLI
Natural Alternatives International Inc. NAII
Natural Gas Services Group Inc. NGS
NATURAL GROCERS BY VITAMIN C NGVC
Natural Resource Partners L NRP
NATURES SUNSHINE PRO NATR
Natus Medical Inc. BABY
Nautilus Inc. NLS
Navidea Biopharmaceuticals NAVB
Navient Corp NAVI
Navigant Consulting Inc. NCI
Navigators Group Inc. NAVG
Navistar International Corp. NAV
NBT Bancorp Inc. NBTB
NCI Building Systems Inc. NCS
NCI Inc. NCIT
NCR Corp. NCR
Neenah Paper Inc. NP
NEFF CORP NEFF
Nektar Therapeutics NKTR
Nelnet Inc. NNI
Neogen Corp. NEOG
NeoGenomics Inc NEO
NEOPHOTONICS CORP NPTN
Neos Therapeutics Inc NEOS
Neothetics Inc NEOT
Net Element Inc NETE
NetApp Inc. NTAP
Netflix Inc. NFLX
NETGEAR Inc. NTGR
Netlist Inc. NLST
NetScout Systems Inc. NTCT
NetSol Technologies Inc. NTWK
Neuralstem Inc. CUR
Neurocrine Biosciences Inc. NBIX
NeuroMetrix Inc. NURO
NeuStar Inc. NSR
Nevada Gold & Casinos Ltd. UWN
NEVRO CORP NVRO
NEW HOME CO INC NWHM
New Jersey Resources Corp. NJR
NEW MEDIA INVT GROUP INC NEWM
New Mountain Finance Corp. NMFC
New Patriot Transportation Holding Inc PATI
NEW RELIC INC NEWR
NEW RESIDENTIAL INVT CORP NRZ
New Senior Investment Group Inc. SNR
New York & Co. Inc NWY
New York Community Bancorp Inc. NYCB
New York Mortgage Trust Inc. NYMT
NEW YORK REIT INC NYRT
New York Times Co. NYT
Newell Rubbermaid Inc. NWL
Newfield Exploration Co. NFX
NEWLINK GENETICS CORP NLNK
NewMarket Corp. NEU
Newmont Mining Corp. NEM
Newpark Resources Inc. NR
News Corporation NWSA
NewStar Financial Inc. NEWS
Newtek Business Services Inc. NEWT
NexMed Inc. APRI
NEXPOINT RESIDENTIAL TR INC NXRT
Nexstar Broadcasting Group Inc. NXST
NEXT INNOVATION CORP GSVC
NEXTERA ENERGY PARTNERS LP NEP
NIC Inc. EGOV
NICHOLAS FINANCIAL I NICK
Nike Inc. NKE
NIMBLE STORAGE INC NMBL
NiSource Inc. NI
Nivalis Therapeutics In NVLS
NL Industries Inc. NL
NMI Holdings Inc. NMIH
NN Inc. NNBR
Noble Energy Inc. NBL
NOBLE MIDSTREAM PARTNERS LP NBLX
NOODLES & CO NDLS
Nordson Corp. NDSN
Nordstrom Inc. JWN
Norfolk Southern Corp. NSC
Northern Oil & Gas Inc. NOG
Northern Technologies International Corp. NTIC
Northern Trust Corp. NTRS
Northfield Bancorp Inc. NFBK
Northrim BanCorp Inc. NRIM
Northrop Grumman Corp. NOC
NORTHSTAR ASSET MGMT GROUP INC. NSAM
NORTHSTAR REALTY EUROPE CORP COM NRE
Northstar Realty Finance Corp. NRF
Northwest Bancorp Inc. NWBI
Northwest Biotherapeutics Inc. NWBO
Northwest Natural Gas Co. NWN
Northwest Pipe Co. NWPX
NorthWestern Corp. NWE
NORWEGIAN CRUISE LINE HLDGS NCLH
Norwood Financial Corp. NWFL
NovaBay Pharmaceuticals Inc. NBY
NOVAN INC NOVN
Novanta Inc NOVT
Novavax Inc. NVAX
NOVOCURE LTD NVCR
Now Inc. DNOW
NRG Energy Inc. NRG
Ntn Buzztime Inc NTN
Nu Skin Enterprises Inc. Cl A NUS
Nuance Communications Inc. NUAN
Nucor Corp. NUE
NumereX Corp. Cl A NMRX
NuSTAR Energy L.P. NS
NuSTAR GP Holdings LLC NSH
NUTANIX INC NTNX
Nutraceutical International Corp. NUTR
NutriSystem Inc. NTRI
NuVasive Inc. NUVA
NUVECTRA CORPORATION NVTR
Nuverra Environmental Solutions NESC
NVE Corp. NVEC
NVIDIA Corp. NVDA
NVR Inc. NVR
NxStage Medical Inc. NXTM
NXT-ID NXTD
OAKTREE CAP GROUP LLC OAK
OASIS PETE INC NEW OAS
OBALON THERAPEUTICS INC OBLN
Occidental Petroleum Corp. OXY
Ocean Bio-Chem Inc. OBCI
Ocean Power Technologies Inc. OPTT
Oceaneering International Inc. OII
OceanFirst Financial Corp. OCFC
Ocera Therapeutics Inc OCRX
Och-Ziff Capital Management L.L.C. OZM
OCI PARTNERS LP OCIP
OCULAR THERAPEUTIX INC OCUL
Ocwen Financial Corp. OCN
Odyssey Marine Exploration I OMEX
Office Depot Inc. ODP
OFS CAP CORP OFS
OGE Energy Corp. OGE
OHA INVT CORP OHAI
Oil States International Inc. OIS
Oil-Dri Corp. of America ODC
Old Dominion Freight Line Inc. ODFL
Old National Bancorp ONB
Old Point Financial Corp. OPOF
Old Republic International Corp. ORI
Old Second Bancorp Inc. OSBC
Olin Corp. OLN
OLLIES BARGAIN OUTLT HLDGS I OLLI
Olympic Steel Inc. ZEUS
Omega Flex Inc. OFLX
Omega Healthcare Investors Inc. OHI
Omega Protein Corp. OME
OMEROS CORP OMER
Omnicell Inc. OMCL
Omnicom Group Inc. OMC
OMNOVA Solutions Inc. OMN
On Assignment Inc. ASGN
ON DECK CAP INC ONDK
ON Semiconductor Corporation ON
ONCOCYTE CORPORATION OCX
OncoGenex Pharmaceuticals Inc. OGXI
ONCOMED PHARMACEUTICALS INC OMED
ONCONOVA THERAPEUTICS INC ONTX
ONE GAS INC OGS
One Liberty Properties Inc. OLP
OneBeacon Insurance Group Ltd. OB
Onemain Hldgs Inc OMF
ONEOK Inc. OKE
ONEOK Partners L.P. OKS
Onvia Inc. ONVI
OOMA INC OOMA
Opexa Therapeutics Inc. OPXA
OPGEN INC OPGN
OPHTHOTECH CORP OPHT
Opko Health Inc. OPK
OPPENHEIMER HLDGS OPY
Optical Cable Corp. OCC
Oracle Corp. ORCL
ORAGENICS INC OGEN
OraSure Technologies Inc. OSUR
ORBCOMM Inc. ORBC
Orbital ATK Inc. OA
ORCHID IS CAP INC ORC
Orchids Paper Products Inc. TIS
O'Reilly Automotive Inc. ORLY
Orexigen Therapeutics Inc. OREX
Oriental Financial Group Inc. OFG
Orion Energy Systems Inc. OESX
Orion Marine Group Inc. ORN
Oritani Financial Corp. ORIT
Ormat Technologies Inc. ORA
Orthofix International N.V. OFIX
Oshkosh Corp. OSK
OSI Systems Inc. OSIS
Osiris Therapeutics Inc. OSIR
OTONOMY INC OTIC
Otter Tail Corp. OTTR
OUTFRONT Media Inc. OUT
OVASCIENCE INC OVAS
Overseas Shipholding Gr OSG
Overstock.com Inc. OSTK
Owens & Minor Inc. OMI
Owens Corning OC
OWENS RLTY MTG INC ORM
Owens-Illinois Inc. OI
Oxford Industries Inc. OXM
OYO Geospace Corp. GEOS
P & F Industries Inc. Cl A PFIN
P.A.M. Transportation Services Inc. PTSI
P10 Inds Inc PIOI
Paccar Inc PCAR
PACIFIC BIOSCIENCES CALIF IN PACB
PACIFIC COAST OIL TR ROYT
Pacific Continental Corp. PCBK
Pacific Ethanol Inc. PEIX
Pacific Mercantile Bancorp PMBC
Pacific Premier Bancorp Inc. PPBI
PACIRA PHARMACEUTICALS INC PCRX
Packaging Corp. of America PKG
PacWest Bancorp PACW
Pain Therapeutics Inc. PTIE
Palatin Technologies Inc. PTN
PALO ALTO NETWORKS INC PANW
Pandora Media Inc P
Panera Bread Co. PNRA
Panhandle Oil & Gas Inc. PHX
Papa John's International Inc. PZZA
PAPA MURPHYS HLDGS INC FRSH
Par Technology Corp. PAR
Paragon Coml Corp PBNC
PARAMOUNT GROUP INC PGRE
Paratek Pharmaceuticals Inc PRTK
PAREXEL International Corp. PRXL
Park Electrochemical Corp. PKE
Park National Corp. PRK
Parke Bancorp Inc PKBK
Parker Drilling Co. PKD
Parker Hannifin Corp. PH
Parkervision Inc. PRKR
Park-Ohio Holdings Corp. PKOH
PARKWAY INC PKY
Parsley Energy Inc PE
PARTY CITY HOLDCO INC PRTY
Patrick Industries Inc. PATK
PATRIOT NATL INC PN
Patterson Cos. Inc. PDCO
Patterson-UTI Energy Inc. PTEN
PAVMED INC PAVM
Paychex Inc. PAYX
PAYCOM SOFTWARE INC PAYC
PAYLOCITY HLDG CORP PCTY
PAYPAL HLDGS INC PYPL
PBF ENERGY INC PBF
PBF LOGISTICS LP PBFX
PC Connection Inc. CNXN
PC Mall Inc. PCMI
PC-Tel Inc. PCTI
PDF Solutions Inc. PDFS
PDL BioPharma Inc. PDLI
Peabody Energy Corp. BTUUQ
PEAK RESORTS INC SKIS
Peapack-Gladstone Financial Corp. PGC
PEBBLEBROOK HOTEL TR PEB
Pegasystems Inc. PEGA
Pendrell Corp PCO
Penn National Gaming Inc. PENN
PENNANTPARK FLOATING RATE CA PFLT
Pennantpark Invt Corp PNNT
Penns Woods Bancorp Inc. PWOD
Pennsylvania Real Estate Investment Trust PEI
PENNTEX MIDSTREAM PARTNERS L PTXP
PENNYMAC FINL SVCS INC PFSI
PENNYMAC MTG INVT TR PMT
Penske Automotive Group Inc. PAG
Pentair Inc. PNR
PENUMBRA INC PEN
Peoples Bancorp Inc. (Ohio) PEBO
Peoples Bancorp of North Carolina Inc. PEBK
People's United Financial Inc. PBCT
PEOPLES UTAH BANCORP PUB
PepsiCo Inc. PEP
Perceptron Inc. PRCP
Peregrine Pharmaceuticals Inc. PPHM
Perficient Inc. PRFT
PERFORMANCE FOOD GROUP CO PFGC
PERFORMANT FINL CORP PFMT
PerkinElmer Inc. PKI
Perma-Fix Environmental Services Inc. PESI
Pernix Therapeutics PTX
Perry Ellis International Inc. PERY
PetMed Express Inc. PETS
Petroleum Development Corp. PDCE
Petroquest Energy Inc PQ
PFENEX INC PFNX
Pfizer Inc. PFE
PFSweb Inc. PFSW
PG&E Corp. PCG
PGT Inc. PGTI
PharmAthene Inc. PIP
PharMerica Corp. PMC
PHASERX INC PZRX
PHH Corp. PHH
PHI Inc. PHIIK
PHIBRO ANIMAL HEALTH CORP PAHC
Philip Morris International Inc. PM
PHILLIPS 66 PSX
PHILLIPS 66 PARTNERS LP PSXP
Phillips-Van Heusen Corp. PVH
PhotoMedex Inc. PHMD
Photronics Inc. PLAB
PHYSICIANS RLTY TR DOC
PICO Holdings Inc. PICO
PIEDMONT OFFICE REALTY TR IN PDM
Pier 1 Imports Inc. PIR
PIERIS PHARMACEUTICALS INC PIRS
PILGRIMS PRIDE CORP NEW PPC
PINNACLE ENTMT INC NEW PNK
Pinnacle Financial Partners Inc. PNFP
PINNACLE FOODS INC DEL PF
Pinnacle West Capital Corp. PNW
Pioneer Drilling Co. PES
Pioneer Natural Resources Co. PXD
Piper Jaffray Cos. PJC
Pitney Bowes Inc. PBI
Pittsburgh & West Virginia Railroad PW
Pixelworks Inc. PXLW
Plains All American Pipeline L.P. PAA
PLAINS GP HLDGS L P PAGP
PLANET FITNESS INC PLNT
Plantronics Inc. PLT
Plexus Corp. PLXS
Plug Power Inc. PLUG
Plumas Bancorp PLBC
PLY GEM HLDGS INC PGEM
PNC Financial Services Group Inc. PNC
PNM Resources Inc. PNM
POAGE BANKSHARES INC PBSK
Polaris Industries Inc. PII
Polo Ralph Lauren Corp. RL
PolyOne Corp. POL
Pool Corp. POOL
Pope Resources L.P. POPE
Popeyes La Kitchen Inc PLKI
Popular Inc. BPOP
Porter Bancorp Inc. PBIB
Portfolio Recovery Associates Inc. PRAA
Portland General Electric Co. POR
PORTOLA PHARMACEUTICALS INC PTLA
Positiveid Corp PSID
Post Holdings Inc POST
POTBELLY CORP PBPB
Potlatch Corp. REIT PCH
Powell Industries Inc. POWL
Power Integrations Inc. POWI
POWER SOLUTIONS INTL INC PSIX
PPG Industries Inc. PPG
PPL Corp. PPL
PRA HEALTH SCIENCES INC PRAH
Praxair Inc. PX
PREFERRED APT CMNTYS INC APTS
Preferred Bank Los Angeles PFBC
Preformed Line Products Co. PLPC
Premier Financial Bancorp Inc. PFBI
PREMIER INC PINC
Pressure BioSciences Inc. PBIO
Prestige Brands Holdings Inc. PBH
PRG-Schultz International Inc. PRGX
priceline.com Inc. PCLN
PriceSmart Inc. PSMT
PRIMERICA INC PRI
PRIMO WTR CORP PRMW
PRIMORIS SVCS CORP PRIM
Principal Financial Group Inc. PFG
Prism Technologies Group Inc PRZM
PrivateBancorp Inc. PVTB
ProAssurance Corp. PRA
Procter & Gamble Co. PG
Pro-Dex Inc. PDEX
PROFESSIONAL DIVERSITY NET IPDN
Progenics Pharmaceuticals Inc. PGNX
Progress Software Corp. PRGS
Progressive Corp. PGR
ProLogis Inc PLD
PRONAI THERAPEUTICS INC DNAI
PROOFPOINT INC PFPT
Prophase Labs Inc PRPH
Pros Holdings Inc. PRO
Prospect Capital Corp PSEC
Prosperity Bancshares Inc.(R) PB
PROTAGONIST THERAPEUTICS INC PTGX
PROTALIX BIOTHERAPEU PLX
PROTEON THERAPEUTICS INC PRTO
Proteostasis Therapeutics Inc PTI
Proto Labs Inc PRLB
PROVIDENT BANCORP INC PVBC
Provident Financial Holdings Inc. PROV
Provident Financial Services Inc. PFS
Prudential Financial Inc. PRU
PS Business Parks Inc. PSB
Psychemedics Corp. PMD
PTC Inc. PTC
PTC THERAPEUTICS INC PTCT
Public Service Enterprise Group Inc. PEG
Public Storage PSA
Pulmatrix Inc PULM
PULSE BIOSCIENCES INC PLSE
Pulte Homes Inc. PHM
PUMA BIOTECHNOLOGY INC PBYI
Pure Bioscience PURE
Pure Cycle Corp. PCYO
PURE STORAGE INC PSTG
Pzena Investment Management Inc. PZN
Q2 HLDGS INC QTWO
QAD Inc. QADB
QCR Holdings Inc. QCRH
QEP RES INC QEP
QTS RLTY TR INC QTS
QUAD GRAPHICS INC QUAD
Quaker Chemical Corp. KWR
Qualcomm Inc. QCOM
QUALITY CARE PPTYS INC QCP
Quality Systems Inc. QSII
QUALYS INC QLYS
Quanex Building Products Corp. NX
Quanta Services Inc. PWR
QUANTENNA COMMUNICATIONS INC QTNA
Quantum Corp. QTM
Quest Diagnostics Inc. DGX
QuickLogic Corp. QUIK
Quidel Corp. QDEL
QUINSTREET INC QNST
QUINTILES TRANSNATIONAL CORP Q
Qumu Corp QUMU
QUORUM HEALTH CORP QHC
Quotient Technology Inc QUOT
RA PHARMACEUTICALS INC RARX
Radian Group Inc. RDN
Radio One Inc. ROIAK
Radisys Corp. RSYS
Radnet Inc. RDNT
RAIT Financial Trust RAS
Rambus Inc. RMBS
Ramco-Gershenson Properties Trust RPT
Rand Logistics Inc. RLOG
RANDOLPH BANCORP INC RNDB
Range Resources Corp. RRC
RAPID7 INC RPD
RARE ELEMENT RES LTD REEMF
Rave Restaurant Group Inc RAVE
Raven Industries Inc. RAVN
Raymond James Financial Inc. RJF
RAYONIER ADVANCED MATLS INC RYAM
Rayonier Inc. REIT RYN
Raytheon Co. RTN
RBC Bearings Inc. ROLL
RCM Technologies Inc. RCMT
RE MAX HLDGS INC RMAX
Reading International Inc. RDI
Real Goods Solar Inc. RGSE
RealNetworks Inc. RNWK
REALPAGE INC RP
Realty Income Corp. O
REATA PHARMACEUTICALS INC RETA
RECRO PHARMA INC REPH
Red Hat Inc. RHT
Red Lion Hotels Corp. RLH
Red Robin Gourmet Burgers Inc. RRGB
Red Rock Resorts Inc RRR
Redwood Trust Inc. RWT
Reeds Inc. REED
Regal Entertainment Group RGC
Regal-Beloit Corp. RBC
Regency Centers Corp. REG
Regeneron Pharmaceuticals Inc. REGN
RegeneRX Biopharmaceuticals Inc. RGRX
REGENXBIO INC RGNX
REGIONAL MGMT CORP RM
Regions Financial Corp. RF
Regis Corp. RGS
REGULUS THERAPEUTICS INC RGLS
Reinsurance Group of America Inc. RGA
Reis Inc. REIS
Reliance Steel & Aluminum Co. RS
Reliv International Inc. RELV
RELM Wireless Corp. RWC
Remark Media Inc MARK
RenaissanceRe Holdings Ltd. RNR
Renasant Corp. RNST
Renewable Energy Group REGI
Rennova Health Inc RNVA
Rent-A-Center Inc. RCII
Rentech Inc. RTK
Repligen Corp. RGEN
Repros Therapeutics Inc. RPRX
Republic Bancorp Inc. (Kentucky) RBCAA
Republic First Bancorp Inc. FRBK
Republic Services Inc. RSG
Research Frontiers Inc. REFR
ResMed Inc. RMD
RESOLUTE ENERGY CORP REN
RESONANT INC RESN
Resource Capital Corp. RSO
Resources Connection Inc. RECN
Respirerx Pharmaceuticals In RSPI
RESTORATION HARDWARE HLDGS I RH
RETAIL OPPORTUNITY INVTS ROIC
RETAIL PPTYS AMER INC RPAI
RETAILMENOT INC SALE
Retractable Technologies Inc. RVP
RETROPHIN INC RTRX
REVANCE THERAPEUTICS INC RVNC
Revlon Inc. REV
Revolution Lighting Technolo RVLT
Rex Energy Corp. REXX
Rex Stores Corp. REX
Rexahn Pharmaceuticals Inc. RNN
REXFORD INDL RLTY INC REXR
REXNORD CORP NEW RXN
Reynolds American Inc. RAI
RF Industries Ltd. RFIL
RGC Resources Inc. RGCO
Rhino Resource Partners Lp RHNO
RICE ENERGY INC RICE
RICE MIDSTREAM PARTNERS LP RMP
Richardson Electronics Ltd. RELL
Rick's Cabaret International Inc. RICK
Rigel Pharmaceuticals Inc. RIGL
RIGHTSIDE GROUP LTD NAME
RIGNET INC RNET
RINGCENTRAL INC RNG
Rite Aid Corp. RAD
RITTER PHARMACEUTICALS INC RTTR
Riverview Bancorp Inc. RVSB
RLI Corp. RLI
Rlj Entmt Inc RLJE
RLJ LODGING TR RLJ
RMR GROUP INC RMR
ROADRUNNER TRNSN SVCS HLDG I RRTS
Robert Half International Inc. RHI
Rocket Fuel Inc FUEL
Rockwell Automation Corp. ROK
Rockwell Collins Inc. COL
Rockwell Medical Technologies Inc. RMTI
Rocky Brands Inc. RCKY
Rogers Corp. ROG
ROKA BIOSCIENCE INC ROKA
Rollins Inc. ROL
Roper Industries Inc. ROP
ROSETTA STONE INC RST
Ross Stores Inc. ROST
Rowan Cos. Inc. RDC
Royal Bancshares of Pennsylvania RBPAA
Royal Caribbean Cruises Ltd. RCL
Royal Gold Inc. RGLD
Royale Energy Inc. ROYL
RPC Inc. RES
RPM International Inc. RPM
RPX CORP RPXC
RSP PERMIAN INC RSPP
RTI Biologics Inc. RTIX
RUBICON PROJ INC RUBI
Rubicon Technology Inc. RBCN
Ruby Tuesday Inc. RT
Rudolph Technologies Inc. RTEC
Rush Enterprises Inc. RUSHA
Ruth's Hospitality Group Inc. RUTH
Ryder System Inc. R
RYERSON HLDG CORP RYI
Ryman Hospitality Pptys RHP
S&P Global Inc SPGI
S&T Bancorp Inc. STBA
S.Y. Bancorp Inc. SYBT
Sabra Health Care REIT SBRA
SABRE CORP SABR
Safeguard Scientifics Inc. SFE
Safety Insurance Group Inc. SAFT
Saga Communications Inc. (Cl A) SGA
SAGE THERAPEUTICS INC SAGE
Saia Inc. SAIA
SAJAN INC SAJA
Salem Communications Corp SALM
Salesforce.com Inc. CRM
SALISBURY BANCORP INC SAL
Sally Beauty Holdings Inc. SBH
SANCHEZ ENERGY CORP SN
Sanderson Farms Inc. SAFM
SANDRIDGE ENERGY INC SD
SANDRIDGE MISSISSIPPIAN TR I SDT
Sandy Spring Bancorp Inc. SASR
Sangamo BioSciences Inc. SGMO
Sanmina-SCI Corp. SANM
SANTANDER CONSUMER USA HOLDINGS SC
Saratoga Invt Corp SAR
Sarepta Therapeutics In SRPT
Saul Centers Inc. BFS
Sb Finl Group Inc SBFG
SBA Communications Corp. SBAC
Scana Corp. SCG
Scansource Inc. SCSC
Schlumberger Ltd. SLB
Schnitzer Steel Industries Inc. SCHN
Scholastic Corp SCHL
Schweitzer-Mauduit International Inc. SWM
SciClone Pharmaceuticals Inc. SCLN
SCIENCE APPLICATNS INTL CP N SAIC
Scientific Games Corp. SGMS
Scientific Learning Corp. SCIL
Scotts Miracle-Gro Co. SMG
Scripps Networks Interactive Inc. SNI
SCYNEXIS INC SCYX
Seaboard Corp. SEB
SeaChange International Inc. SEAC
Seacoast Banking Corp. of Florida SBCF
SEACOR Holding Inc. CKH
Sealed Air Corp. SEE
Sears Holdings Corp. SHLD
SEARS HOMETOWN & OUTLET STOR SHOS
Seaspine Hldgs Corp SPNE
Seattle Genetics Inc. SGEN
SEAWORLD ENTMT INC SEAS
SECOND SIGHT MED PRODS INC EYES
Secureworks Corp SCWX
Security National Financial Corp. SNFCA
SEI Investments Co. SEIC
Select Comfort Corp. SCSS
SELECT INCOME REIT SIR
SELECT MED HLDGS CORP SEM
Selecta Biosciences Inc SELB
Selective Insurance Group Inc. SIGI
SEMGROUP CORP SEMG
Sempra Energy SRE
Semtech Corp. SMTC
Seneca Foods Corp. SENEA
Senior Housing Properties Trust SNH
Senomyx Inc. SNMX
SENSEONICS HLDGS INC SENS
Sensient Technologies Corp. SXT
Sensus Heatlhcare Inc SRTS
SERES THERAPEUTICS INC MCRB
SERITAGE GROWTH PPTYS SRG
Service Corp. International SCI
SERVICEMASTER GLOBAL HLDGS I SERV
SERVICENOW INC NOW
Servicesource Intl Inc SREV
SERVISFIRST BANCSHARES INC SFBS
Severn Bancorp Inc. SVBI
SHAKE SHACK INC SHAK
Sharpspring Inc SHSP
SHELL MIDSTREAM PARTNERS L P SHLX
Shenandoah Telecommunications Co. SHEN
Sherwin-Williams Co. SHW
Shiloh Industries Inc. SHLO
SHINECO INC TYHT
Ship Finance International Ltd. SFL
Shoe Carnival Inc. SCVL
Shore Bancshares Inc. SHBI
ShoreTel Inc. SHOR
Shutterfly Inc. SFLY
SHUTTERSTOCK INC SSTK
SI Financial Group Inc. SIFI
SIENTRA INC SIEN
Sierra Bancorp BSRR
SIFCO Industries Inc. SIF
Sigma Designs Inc. SIGM
Sigmatron International Inc. SGMA
SIGNAL GENETICS INC SGNL
Signature Bank SBNY
Signet Jewelers Ltd. SIG
Silgan Holdings Inc. SLGN
Silicon Laboratories Inc. SLAB
SILVER BAY RLTY TR CORP SBY
Silver Bull Res Inc SVBL
SILVER SPRING NETWORKS INC SSNI
SILVERCREST ASSET MGMT GROUP SAMG
Simmons First National Corp. Cl A SFNC
Simon Property Group Inc. SPG
Simpson Manufacturing Co. SSD
Simulations Plus Inc. SLP
Sinclair Broadcast Group Inc. SBGI
Sirius XM Radio Inc. SIRI
SITEONE LANDSCAPE SUPPLY INC SITE
SIX FLAGS ENTMT CORP NEW SIX
SJW Corp. SJW
Skechers USA Inc. SKX
Skyline Corp. SKY
SKYLINE MED INC SKLN
Skywest Inc. SKYW
Skyworks Solutions Inc. SWKS
SL Green Realty Corp. SLG
SLM Corp. SLM
SMART & FINAL STORES INC SFS
SMART SAND INC SND
Smith & Wesson Holding Corp. SWHC
Smith Micro Software Inc SMSI
Snap-On Inc. SNA
Snyder's-Lance Inc. LNCE
Socket Mobile Inc. SCKT
SOLAR CAP LTD SLRC
SOLAR SR CAP LTD SUNS
Solitario Exploration & Royalty Corp. XPL
Sonic Automotive Inc. SAH
Sonic Corp. SONC
Sonic Foundry Inc. SOFO
Sonoco Products Co. SON
Sonoma Pharmaceuticals Inc SNOA
Sonus Networks Inc. SONS
Sotheby's BID
Sotherly Hotels Inc SOHO
South Jersey Industries Inc. SJI
South St Corp SSB
Southcross Energy Partners SXE
Southern Co. SO
Southern Copper Corp. SCCO
Southern First Bancshares Inc SFST
Southern Missouri Bancorp Inc. SMBC
Southern National Bancorp of Virginia Inc. SONA
Southside Bancshares Inc. SBSI
Southwest Airlines Co. LUV
Southwest Bancorp Inc. OKSB
Southwest Gas Corp. SWX
Southwestern Energy Co. SWN
Sp Plus Corp SP
Span-America Medical Systems Inc. SPAN
Spanish Broadcasting System Inc. SBSA
SPAR Group Inc. SGRP
SPARK ENERGY INC SPKE
Spark Networks Inc. LOV
SPARK THERAPEUTICS INC ONCE
Spartan Motors Inc. SPAR
Spartan Stores Inc. SPTN
Sparton Corp. SPA
Spectra Energy Corp. SE
Spectra Energy Partners LP SEP
Spectranetics Corp. SPNC
Spectrum Pharmaceuticals Inc. SPPI
Speed Comm Inc SPDC
Speedway Motorsports Inc. TRK
Spherix Inc. SPEX
Spire Inc SR
Spirit AeroSystems Holdings Inc. SPR
SPIRIT AIRLS INC SAVE
SPIRIT RLTY CAP INC SRC
SPLUNK INC SPLK
Spok Hldgs Inc SPOK
SPORTSMANS WHSE HLDGS INC SPWH
SPRAGUE RES LP SRLP
SPRING BK PHARMACEUTICALS IN SBPH
SPRINT CORP S
SPROUTS FMRS MKT INC SFM
SPS COMM INC SPSC
SPX Corp. SPXC
SPX FLOW INC COM FLOW
SQUARE INC SQ
SS&C TECHNOLOGIES HLDGS INC SSNC
St. Joe Co. JOE
St. Jude Medical Inc. STJ
St. Mary Land & Exploration Co. SM
Staar Surgical Co. STAA
STAG INDL INC STAG
Stage Stores Inc. SSI
Stamps.com Inc. STMP
Standard Motor Products Inc. SMP
Standard Pacific Corp. CAA
Standex International Corp. SXI
Stanley Furniture Co. STLY
Stanley Works SWK
Staples Inc. SPLS
Star Gas Partners L.P. SGU
Starbucks Corp. SBUX
Startek Inc. SRT
STARWOOD PPTY TR INC STWD
State Auto Financial Corp. STFC
STATE BK FINL CORP STBZ
STATE NATL COS INC SNC
State Street Corp. STT
Steak N Shake Co. BH
Steel Dynamics Inc. STLD
Steelcase Inc. SCS
Stein Mart Inc. SMRT
STELLUS CAP INVT CORP SCM
STEMLINE THERAPEUTICS INC STML
Stepan Co. SCL
Stereotaxis Inc. STXS
Stericycle Inc. SRCL
Sterling Bancorp Del STL
Sterling Construction Co. Inc. STRL
Steven Madden Ltd. SHOO
Stewart Information Services Corp. STC
Stifel Financial Corp. SF
Stillwater Mining Co. SWC
Stone Energy Corp. SGY
StoneMore Partners L.P. STON
Stoneridge Inc. SRI
STORE CAP CORP STOR
Straight Path Communications Inc. (Class B) STRP
Strata Skin Sciences Inc SSKN
Strattec Security Corp. STRT
Strayer Education Inc. STRA
Streamline Health Solutions Inc. STRM
STRONGBRIDGE BIOPHARMA PLC SBBP
Stryker Corp. SYK
Sturm Ruger & Co. RGR
Suburban Propane Partners L.P. SPH
Sucampo Pharmaceuticals Inc. SCMP
Suffolk Bancorp SCNB
Summit Financial Group Inc. SMMF
SUMMIT HOTEL PPTYS INC INN
Summit Materials SUM
SUMMIT MIDSTREAM PARTNERS LP SMLP
Sun Bancorp Inc. (New Jersey) SNBC
Sun Communities Inc. SUI
Sun Hydraulics Corp. SNHY
SUNCOKE ENERGY INC SXC
SUNCOKE ENERGY PARTNERS L P SXCP
Sunesis Pharmaceuticals Inc. SNSS
Sunlink Health Systems Inc. SSY
Sunoco Logistics Partners L.P. SXL
Sunoco LP SUN
SunPower Corp. SPWR
SUNRUN INC RUN
Sunstone Hotel Investors Inc. SHO
SunTrust Banks Inc. STI
Sunworks Inc SUNW
Super Micro Computer Inc. SMCI
Superconductor Technologies Inc. SCON
SUPERIOR DRILLING PRODS INC SDPI
Superior Energy Services Inc. SPN
Superior Industries International Inc. SUP
Superior Uniform Group Inc. SGC
SUPERNUS PHARMACEUTICALS INC SUPN
Supervalu Inc. SVU
SupportSoft Inc. SPRT
Supreme Industries Inc. STS
SURGERY PARTNERS INC SGRY
SURGICAL CARE AFFILIATES INC SCAI
SurModics Inc. SRDX
Sutherland Asset Mgmt Corp M SLD
SVB Financial Group SIVB
SWIFT TRANSN CO SWFT
Sykes Enterprises Inc. SYKE
Symantec Corp. SYMC
SYNACOR INC SYNC
Synalloy Corp. SYNL
Synaptics Inc. SYNA
Synchronoss Technologies Inc. SNCR
SYNCHRONY FINL SYF
SYNDAX PHARMACEUTICALS INC SNDX
SYNERGY PHARMACEUTICALS INC SGYP
Synergy Res Corp SYRG
SYNNEX Corp. SNX
Synopsys Inc. SNPS
Synovus Financial Corp. SNV
Syntel Inc. SYNT
Synthesis Energy Systems Inc. SYMX
SYNTHETIC BIOLOGICS INC SYN
SYNUTRA INTL INC SYUT
Sypris Solutions Inc. SYPR
Syros Pharmaceuticals I SYRS
Sysco Corp. SYY
SYSOREX GLOBAL HLDGS CORP SYRX
Systemax Inc. SYX
T. Rowe Price Group Inc. TROW
T2 BIOSYSTEMS INC TTOO
Tableau Software Inc DATA
TABULA RASA HEALTHCARE INC TRHC
TACTILE SYS TECHNOLOGY INC TCMD
TAHOE RES INC TAHO
Tailored Brands Inc TLRD
Take-Two Interactive Software Inc. TTWO
TALLGRASS ENERGY GP LP TEGP
TALLGRASS ENERGY PARTNERS LP TEP
TANDEM DIABETES CARE INC TNDM
Tandy Leather Factory Inc. TLF
Tanger Factory Outlet Centers Inc. SKT
TANGOE INC TNGO
TARGA RES CORP TRGP
Target Corp. TGT
TASER International Inc. TASR
Taubman Centers Inc. TCO
Taylor Devices Inc. TAYD
TAYLOR MORRISON HOME CORP TMHC
TC PipeLines L.P. TCP
TCF Financial Corp. TCB
TCP CAP CORP TCPC
TD Ameritrade Holding Corp. AMTD
TEAM HEALTH HOLDINGS INC TMH
Team Inc. TISI
Tech Data Corp. TECD
Techne Corp. TECH
TechTarget Inc. TTGT
Tecogen Inc New TGEN
Teekay Corp. TK
TEGNA Inc TGNA
Tejon Ranch Co. TRC
TELADOC INC TDOC
Teledyne Technologies Inc. TDY
Teleflex Inc. TFX
TELENAV INC TNAV
Telephone & Data Systems Inc. TDS
Teletech Holdings Inc. TTEC
Teligent Inc New TLGT
Telik Inc. MBVX
Tempur-Pedic International Inc. TPX
Tenet Healthcare Corp. THC
Tengasco Inc. TGC
Tennant Co. TNC
Tenneco Inc. TEN
Teradata Corp. TDC
Teradyne Inc. TER
Terex Corp. TEX
Terra Nitrogen Co. L.P. TNH
TerraForm Global Inc GLBL
TERRAFORM PWR INC TERP
Terravia Hldgs Inc TVIA
TERRENO RLTY CORP TRNO
TERRITORIAL BANCORP INC TBNK
TESARO INC TSRO
Tesco Corp. TESO
TESLA MTRS INC TSLA
Tesoro Corp. TSO
TESORO LOGISTICS LP TLLP
Tessco Technologies Inc. TESS
Tessera Hldg Corp TSRA
Tetra Tech Inc. TTEK
Tetra Technologies Inc. TTI
TETRALOGIC PHARMACEUTICALS C TLOG
TETRAPHASE PHARMACEUTICALS I TTPH
Texas Capital Bancshares Inc. TCBI
Texas Instruments Inc. TXN
Texas Roadhouse Inc. TXRH
Textainer Group Holdings Ltd. TGH
Textron Inc. TXT
TFS Financial Corp. TFSL
The Bancorp Inc. TBBK
The Providence Service Corp. PRSC
THE TRADE DESK INC TTD
THERAPEUTICSMD INC TXMD
Thermo Fisher Scientific Inc. TMO
ThermoGenesis Corp. KOOL
THERMON GROUP HLDGS INC THR
TheStreet.com TST
THL CR INC TCRD
THOMSON REUTERS CORP TRI
Thor Industries Inc. THO
Threshold Pharmaceuticals Inc. THLD
TICC CAPITAL CORP TICC
Tidewater Inc. TDW
Tier Reit Inc TIER
Tiffany & Co. TIF
TILE SHOP HLDGS INC TTS
TILLYS INC TLYS
Timberland Bancorp Inc. TSBK
Timberline Resources Corp. TLRS
Time Inc. TIME
Time Warner Inc. TWX
Timken Co. TKR
Timkensteel Corp TMST
Titan International Inc. TWI
Titan Machinery Inc. TITN
Tivo Corp TIVO
TJX Cos. TJX
T-Mobile US TMUS
TOKAI PHARMACEUTICALS INC TKAI
Toll Brothers Inc. TOL
Tompkins Financial Corp. TMP
TONIX PHARMACEUTICALS HLDG C TNXP
Tootsie Roll Industries Inc. TR
TOPBUILD CORP BLD
Torchmark Corp. TMK
Toro Co. TTC
Total System Services Inc. TSS
TOWER INTL INC TOWR
Towerstream Corp. TWER
Town Sports International Holdings Inc. CLUB
Towne Bank TOWN
TOWNSQUARE MEDIA INC TSQ
TPG SPECIALTY LENDING INC TSLX
TPI COMPOSITES INC TPIC
TRACON PHARMACEUTICALS INC TCON
Tractor Supply Co. TSCO
Trans World Entertainment Corp. TWMC
TransAct Technologies Inc. TACT
TransDigm Group Inc. TDG
Transgenomic Inc. TBIO
Transmontaigne Partners L.P. TLP
TRANSUNION TRU
TravelCenters of America LLC TA
Travelers Cos. Inc. TRV
Travelzoo Inc. TZOO
TRC Cos. Inc. TRR
Trecora Res TREC
Tredegar Corp. TG
Tree.com Inc. TREE
TreeHouse Foods Inc. THS
TREMOR VIDEO INC TRMR
TREVENA INC TRVN
Trex Co. Inc. TREX
TRI POINTE HOMES INC TPH
Triangle Cap Corp TCAP
TRIANGLE PETE CORP TPLM
TriCo Bancshares TCBK
TriMas Corp. TRS
Trimble Navigation Ltd. TRMB
Trinet Group Inc TNET
Trinity Industries Inc. TRN
Trinseo SA TSE
TRIPADVISOR INC TRIP
TRIPLEPOINT VENTR GRW BDC CO TPVG
Tristate Cap Hldgs Inc TSC
TRIUMPH BANCORP INC TBK
Triumph Group Inc. TGI
TROVAGENE INC TROV
TrueBlue Inc. TBI
TRUECAR INC TRUE
TRUETT-HURST INC THST
TRUPANION INC TRUP
Trustco Bank Corp. TRST
Trustmark Corp. TRMK
TTM Technologies Inc. TTMI
Tuesday Morning Corp. TUES
Tupperware Brands Corp. TUP
TURNING PT BRANDS INC TPB
Turtle Beach Corp HEAR
TUTOR PERINI CORP TPC
Twenty-First Century Fox FOXA
Twilio Inc TWLO
Twin Disc Inc. TWIN
TWITTER INC TWTR
TWO HBRS INVT CORP TWO
Two Rivers Bancorp TRCB
Tyler Technologies Inc. TYL
Tyson Foods Inc. TSN
U S CONCRETE INC USCR
U.S. Auto Parts Network Inc. PRTS
U.S. Bancorp USB
U.S. Cellular Corp. USM
U.S. Energy Corp. USEG
U.S. Geothermal Inc. HTM
U.S. Global Investors Inc. GROW
U.S. Lime & Minerals Inc. USLM
U.S. Physical Therapy Inc. USPH
UAL Corp. UAL
UBIQUITI NETWORKS INC UBNT
UCP INC UCP
UDR Inc. UDR
UFP Technologies Inc. UFPT
UGI Corp. UGI
Ulta Salon Cosmetics & Fragrance Inc. ULTA
Ultimate Software Group Inc. ULTI
Ultra Clean Holdings Inc. UCTT
ULTRAGENYX PHARMACEUTICAL INC RARE
Ultralife Corp. ULBI
Ultratech Inc. UTEK
Uluru Inc. ULUR
UMB Financial Corp. UMBF
UMH Properties Inc. UMH
Umpqua Holdings Corp. UMPQ
Under Armour Inc. UAA
Unifi Inc. UFI
UniFirst Corp. UNF
UNILIFE CORP NEW UNIS
Union Bankshares Corp. UBSH
Union Bankshares Inc. UNB
Union Pacific Corp. UNP
UNIQUE FABRICATING INC COM UFAB
Unisys Corp. UIS
Unit Corp. UNT
United Bancorp Inc. UBCP
United Bankshares Inc. UBSI
United Community Banks Inc. UCBI
United Community Financial Corp. UCFC
United Finl Bancorp Inc UBNK
United Fire & Casualty Co. UFCS
UNITED INS HLDGS CORP UIHC
United Natural Foods Inc. UNFI
United Parcel Service Inc. UPS
United Rentals Inc. URI
United Security Bancshares (California) UBFO
UNITED STATES ANTIMO UAMY
United States Steel Corp. X
United Technologies Corp. UTX
United Therapeutics Corp. UTHR
United-Guardian Inc. UG
UnitedHealth Group Inc. UNH
Unitil Corp. UTL
Unity Bancorp Inc. UNTY
UNIVAR INC UNVR
Universal American Corp. UAM
Universal Corp. UVV
Universal Display Corp. OLED
Universal Electronics Inc. UEIC
Universal Forest Products Inc. UFPI
Universal Health Realty Income Trust UHT
Universal Health Services Inc. UHS
Universal Insurance Holdings Inc. UVE
Universal Security Instruments Inc. UUU
Universal Stainless & Alloy Products Inc. USAP
Universal Technical Institute Inc. UTI
Universal Truckload Services Inc. ULH
Univest Corp. of Pennsylvania UVSP
Unum Group UNM
UPLAND SOFTWARE INC UPLD
UQM Technologies Inc. UQM
Uranium Energy Corp. UEC
Uranium Resources Inc. URRE
Urban Edge Properties UE
Urban Outfitters Inc. URBN
Urstadt Biddle Properties Inc. UBP
Urstadt Biddle Properties Inc. Cl A UBA
US FOODS HLDG CORP USFD
USA COMPRESSION PARTNERS LP USAC
USA Technologies Inc. USAT
USA Truck Inc. USAK
USANA Health Sciences Inc. USNA
USD PARTNERS LP USDP
USG Corp. USG
Utah Medical Products Inc. UTMD
UTStarcom Inc. UTSI
Vaalco Energy Inc. EGY
Vail Resorts Inc. MTN
Valero Energy Corp. VLO
VALERO ENERGY PARTNERS LP VLP
Valhi Inc. VHI
Validus Holdings Ltd. VR
Valley National Bancorp VLY
Valmont Industries Inc. VMI
Valspar Corp. VAL
Value Line Inc. VALU
VALVOLINE INC VVV
Vanda Pharmaceuticals Inc. VNDA
VANTAGE DRILLING COMPANY VTGDF
VANTIV INC VNTV
VAPOR CORP NEV VPCO
Varian Medical Systems Inc. VAR
VARONIS SYS INC VRNS
Vasco Data Security International Inc. VDSI
Vascular Solutions Inc. VASC
VCA Antech Inc. WOOF
Vector Group Ltd. VGR
Vectren Corp. VVC
VECTRUS INC VEC
Veeco Instruments Inc. VECO
VEEVA SYS INC VEEV
Ventas Inc. VTR
VERA BRADLEY INC VRA
VERACYTE INC VCYT
Verastem Inc VSTM
VEREIT Inc VER
Vericel Corp VCEL
VeriFone Holdings Inc. PAY
VERINT SYS INC VRNT
VeriSign Inc. VRSN
VERISK ANALYTICS INC VRSK
VERITEX HLDGS INC VBTX
VERITIV CORP VRTV
Verizon Communications Inc. VZ
Vermillion Inc. VRML
Versar Inc. VSR
VERSARTIS INC VSAR
VERSO CORP VRS
VERSUM MATLS INC VSM
VERTEX ENERGY INC VTNR
Vertex Pharmaceuticals Inc. VRTX
VF Corp. VFC
Viacom Inc. Class B VIAB
Viad Corp. VVI
ViaSat Inc. VSAT
Viavi Solutions Inc VIAV
Vical Inc. VICL
Vicor Corp. VICR
VIKING THERAPEUTICS INC VKTX
Village Super Market Inc. VLGEA
VINCE HLDG CORP VNCE
VIOLIN MEMORY INC VMEMQ
VIPER ENERGY PARTNERS LP VNOM
Virco Manufacturing Corp. VIRC
VirnetX Holding Corp. VHC
VIRTU FINL INC VIRT
Virtus Investment Partners Inc. VRTS
Virtusa Corp. VRTU
VISA Inc. V
Vishay Intertechnology Inc. VSH
VISHAY PRECISION GROUP INC VPG
Vista Gold Corp. VGZ
Vista Outdoor Inc. VSTO
VISTEON CORP VC
VITAL THERAPIES INC VTL
VITAMIN SHOPPE INC VSI
Viveve Med Inc VIVE
VIVINT SOLAR INC VSLR
VIVUS Inc. VVUS
VMware Inc. VMW
VOC ENERGY TR VOC
VOCERA COMMUNICATIONS INC VCRA
Vonage Holdings Corp. VG
Vornado Realty Trust VNO
VOYAGER THERAPEUTICS INC VYGR
VSE Corp. VSEC
VTV THERAPEUTICS INC VTVT
Vulcan Materials Co. VMC
Vwr Corp VWR
W&T Offshore Inc. WTI
W.P. Carey & Co. L.L.C. Cl A WPC
W.R. Berkley Corp. WRB
W.R. Grace & Co. GRA
W.W. Grainger Inc. GWW
Wabash National Corp. WNC
WABCO Holdings Inc. WBC
Wabtec WAB
Waddell & Reed Financial Inc. WDR
WAGEWORKS INC WAGE
Walgreens Boots Alliance Inc WBA
WALKER & DUNLOP INC WD
Wal-Mart Stores Inc. WMT
Walt Disney Co. DIS
Washington Federal Inc. WAFD
Washington Prime Group New WPG
Washington Real Estate Investment Trust WRE
Washington Trust Bancorp Inc. WASH
WASHINGTONFIRST BANKSHARES I WFBI
Waste Management Inc. WM
Waters Corp. WAT
Watsco Inc. WSO
Watts Water Technologies Inc. WTS
WAYFAIR INC W
Wayside Technology Group Inc. WSTG
WCI CMNTYS INC WCIC
WD-40 Co. WDFC
Web.com Group Inc. WEB
WebMD Health Corp. WBMD
Webster Financial Corp. WBS
Weight Watchers International Inc. WTW
Weingarten Realty Investors WRI
Weis Markets Inc. WMK
WellCare Health Plans Inc. WCG
Wells Fargo & Co. WFC
Wells-Gardner Electronics Corp. AGNU
Wendy's/Arby's Group Inc. WEN
Werner Enterprises Inc. WERN
WesBanco Inc. WSBC
WESCO AIRCRAFT HLDGS INC WAIR
Wesco International Inc. WCC
West Bancorp Inc. WTBA
WEST CORP WSTC
West Marine Inc. WMAR
West Pharmaceutical Services Inc. WST
Westamerica Bancorp WABC
Westar Energy Inc. WR
WESTBURY BANCORP INC WBB
Westell Technologies Inc. WSTL
Western Alliance Bancorp. WAL
WESTERN ASSET MTG CAP CORP WMC
Western Digital Corp. WDC
WESTERN GAS EQUITY PARTNERS WGP
Western Gas Partners LP WES
Western New Eng Bancorp Inc WNEB
Western Refining Inc. WNR
WESTERN REFNG LOGISTICS LP WNRL
Western Union Co. WU
Westinghouse Solar Inc WEST
WESTLAKE CHEM PARTNERS LP WLKP
Westlake Chemical Corp. WLK
Westmoreland Coal Co. WLB
Westmoreland Resource Partners WMLP
Westrock Co WRK
Westwood Holdings Group Inc. WHG
WEX Inc. WEX
Weyco Group Inc. WEYS
Weyerhaeuser Co. WY
WGL Holdings Inc. WGL
WHEELER REAL ESTATE INVT TR WHLR
Whirlpool Corp. WHR
White Mountains Insurance Group Ltd. WTM
WHITEHORSE FIN INC WHF
WHITESTONE REIT WSR
WHITEWAVE FOODS CO WWAV
Whiting Petroleum Corp. WLL
Whole Foods Market Inc. WFM
WidePoint Corp. WYY
Willamette Valley Vineyards Inc. WVVI
WILLBROS GROUP INC DEL WG
Willdan Group Inc. WLDN
Williams Cos. WMB
Williams-Sonoma Inc. WSM
Willis Lease Finance Corp. WLFC
Windstream Corp. WIN
Windtree Therapeutics Inc WINT
WINGSTOP INC WING
Winmark Corp. WINA
Winnebago Industries Inc. WGO
Wintrust Financial Corp. WTFC
Wireless Telecom Group Inc. WTT
Wisconsin Energy Corp. WEC
WISDOMTREE INVTS INC WETF
Wolverine World Wide Inc. WWW
WOODWARD INC. WWD
WORKDAY INC WDAY
WORKIVA INC WK
World Acceptance Corp. WRLD
World Fuel Services Corp. INT
World Pt Terms Lp WPT
Worthington Industries Inc. WOR
WPCS International Inc. WPCS
WPX ENERGY INC WPX
WSFS Financial Corp. WSFS
WSI Industries Inc. WSCI
Wyndham Worldwide Corp. WYN
Wynn Resorts Ltd. WYNN
XACTLY CORP XTLY
XBIOTECH INC XBIT
XCEL BRANDS INC XELB
Xcel Energy Inc. XEL
Xcerra Corp XCRA
XENCOR INC XNCR
XENIA HOTELS & RESORTS INC XHR
Xenith Bankshares Inc New XBKS
Xerium Technologies Inc. XRM
Xerox Corp. XRX
XG TECHNOLOGY INC XGTI
Xilinx Inc. XLNX
Xo Group Inc XOXO
XOMA Ltd. XOMA
XPLORE TECHNOLOGIES CORP XPLR
XTERA COMMUNICATIONS INC XCOMQ
Xylem Inc. XYL
Yadkin Finl Corp YDKN
Yahoo! Inc. YHOO
Yelp Inc YELP
York Water Co. YORW
YRC Worldwide Inc. YRCW
Yum! Brands Inc. YUM
Yuma Energy Inc New YUMA
YUME INC YUME
ZAFGEN INC ZFGN
Zagg Incorporated ZAGG
Zapata Corp. HRG
ZAYO GROUP HLDGS INC ZAYO
ZAZA ENERGY CORP ZAZA
Zebra Technologies Corp. Cl A ZBRA
ZEDGE INC ZDGE
ZELTIQ AESTHETICS INC ZLTQ
ZENDESK INC ZEN
Zillow Inc Z
Zimmer Hldgs Inc ZBH
Zion Oil & Gas Inc. ZN
Zions Bancorp ZION
ZIOPHARM Oncology Inc. ZIOP
Zix Corp. ZIXI
ZOES KITCHEN INC ZOES
ZOETIS INC ZTS
ZOGENIX INC ZGNX
ZOSANO PHARMA CORP ZSAN
Zumiez Inc. ZUMZ
ZYNERBA PHARMACEUTICALS INC ZYNE
ZYNGA INC ZNGA